2026-05-29 17:15:51,434 INFO o.a.j.u.JMeterUtils: Setting Locale to en_EN
2026-05-29 17:15:51,443 INFO o.a.j.JMeter: Loading user properties from: /opt/homebrew/Cellar/jmeter/5.6.3/libexec/bin/user.properties
2026-05-29 17:15:51,443 INFO o.a.j.JMeter: Loading system properties from: /opt/homebrew/Cellar/jmeter/5.6.3/libexec/bin/system.properties
2026-05-29 17:15:51,444 INFO o.a.j.JMeter: Setting JMeter property: protocol=http
2026-05-29 17:15:51,444 INFO o.a.j.JMeter: Setting JMeter property: host=127.0.0.1
2026-05-29 17:15:51,444 INFO o.a.j.JMeter: Setting JMeter property: port=8080
2026-05-29 17:15:51,444 INFO o.a.j.JMeter: Setting JMeter property: apiPath=/api/v1/courses/redis
2026-05-29 17:15:51,444 INFO o.a.j.JMeter: Setting JMeter property: users=300
2026-05-29 17:15:51,444 INFO o.a.j.JMeter: Setting JMeter property: rampUp=30
2026-05-29 17:15:51,444 INFO o.a.j.JMeter: Setting JMeter property: loops=20
2026-05-29 17:15:51,446 INFO o.a.j.JMeter: Copyright (c) 1998-2024 The Apache Software Foundation
2026-05-29 17:15:51,446 INFO o.a.j.JMeter: Version 5.6.3
2026-05-29 17:15:51,446 INFO o.a.j.JMeter: java.version=21.0.9
2026-05-29 17:15:51,446 INFO o.a.j.JMeter: java.vm.name=OpenJDK 64-Bit Server VM
2026-05-29 17:15:51,446 INFO o.a.j.JMeter: os.name=Mac OS X
2026-05-29 17:15:51,446 INFO o.a.j.JMeter: os.arch=aarch64
2026-05-29 17:15:51,446 INFO o.a.j.JMeter: os.version=26.5
2026-05-29 17:15:51,446 INFO o.a.j.JMeter: file.encoding=UTF-8
2026-05-29 17:15:51,446 INFO o.a.j.JMeter: java.awt.headless=true
2026-05-29 17:15:51,446 INFO o.a.j.JMeter: Max memory     =1073741824
2026-05-29 17:15:51,446 INFO o.a.j.JMeter: Available Processors =8
2026-05-29 17:15:51,450 INFO o.a.j.JMeter: Default Locale=English (EN)
2026-05-29 17:15:51,450 INFO o.a.j.JMeter: JMeter  Locale=English (EN)
2026-05-29 17:15:51,450 INFO o.a.j.JMeter: JMeterHome=/opt/homebrew/Cellar/jmeter/5.6.3/libexec
2026-05-29 17:15:51,450 INFO o.a.j.JMeter: user.dir  =/Users/koohyunmo/Developer/course-registration
2026-05-29 17:15:51,450 INFO o.a.j.JMeter: PWD       =/Users/koohyunmo/Developer/course-registration
2026-05-29 17:15:51,453 INFO o.a.j.JMeter: IP: 127.0.0.1 Name: koohyunmos-MacBook-Air.local FullName: localhost
2026-05-29 17:15:51,458 INFO o.a.j.JMeter: Setting property 'jmeter.reportgenerator.outputdir' to:'/Users/koohyunmo/Developer/course-registration/performance/results/evidence-20260529-171333/redis-report'
2026-05-29 17:15:51,459 INFO o.a.j.s.FileServer: Default base='/Users/koohyunmo/Developer/course-registration'
2026-05-29 17:15:51,460 INFO o.a.j.s.FileServer: Set new base='/Users/koohyunmo/Developer/course-registration/performance/jmeter'
2026-05-29 17:15:51,527 INFO o.a.j.s.SaveService: Testplan (JMX) version: 2.2. Testlog (JTL) version: 2.2
2026-05-29 17:15:51,545 INFO o.a.j.s.SaveService: Using SaveService properties version 5.0
2026-05-29 17:15:51,546 INFO o.a.j.s.SaveService: Using SaveService properties file encoding UTF-8
2026-05-29 17:15:51,547 INFO o.a.j.s.SaveService: Loading file: performance/jmeter/course-cache-comparison.jmx
2026-05-29 17:15:51,574 INFO o.a.j.p.h.s.HTTPSamplerBase: Parser for text/html is org.apache.jmeter.protocol.http.parser.LagartoBasedHtmlParser
2026-05-29 17:15:51,575 INFO o.a.j.p.h.s.HTTPSamplerBase: Parser for application/xhtml+xml is org.apache.jmeter.protocol.http.parser.LagartoBasedHtmlParser
2026-05-29 17:15:51,575 INFO o.a.j.p.h.s.HTTPSamplerBase: Parser for application/xml is org.apache.jmeter.protocol.http.parser.LagartoBasedHtmlParser
2026-05-29 17:15:51,575 INFO o.a.j.p.h.s.HTTPSamplerBase: Parser for text/xml is org.apache.jmeter.protocol.http.parser.LagartoBasedHtmlParser
2026-05-29 17:15:51,575 INFO o.a.j.p.h.s.HTTPSamplerBase: Parser for text/vnd.wap.wml is org.apache.jmeter.protocol.http.parser.RegexpHTMLParser
2026-05-29 17:15:51,575 INFO o.a.j.p.h.s.HTTPSamplerBase: Parser for text/css is org.apache.jmeter.protocol.http.parser.CssParser
2026-05-29 17:15:51,585 INFO o.a.j.JMeter: Creating summariser <summary>
2026-05-29 17:15:51,587 INFO o.a.j.r.d.ReportGenerator: ReportGenerator will use for Parsing the separator: ','
2026-05-29 17:15:51,587 INFO o.a.j.r.d.ReportGenerator: Will generate report at end of test from  results file: performance/results/evidence-20260529-171333/redis.jtl
2026-05-29 17:15:51,587 INFO o.a.j.r.d.ReportGenerator: Reading report generator properties from: /opt/homebrew/Cellar/jmeter/5.6.3/libexec/bin/reportgenerator.properties
2026-05-29 17:15:51,587 INFO o.a.j.r.d.ReportGenerator: Merging with JMeter properties
2026-05-29 17:15:51,589 INFO o.a.j.r.c.ReportGeneratorConfiguration: Property 'jmeter.reportgenerator.temp_dir' not found, using default value 'temp' instead.
2026-05-29 17:15:51,590 INFO o.a.j.r.c.ReportGeneratorConfiguration: Property 'jmeter.reportgenerator.apdex_per_transaction' not found, using default value 'null' instead.
2026-05-29 17:15:51,590 INFO o.a.j.r.c.ReportGeneratorConfiguration: apdex_per_transaction is empty, not APDEX per transaction customization
2026-05-29 17:15:51,590 INFO o.a.j.r.c.ReportGeneratorConfiguration: Property 'jmeter.reportgenerator.sample_filter' not found, using default value 'null' instead.
2026-05-29 17:15:51,590 INFO o.a.j.r.c.ReportGeneratorConfiguration: Property 'jmeter.reportgenerator.report_title' not found, using default value 'null' instead.
2026-05-29 17:15:51,590 INFO o.a.j.r.c.ReportGeneratorConfiguration: Property 'jmeter.reportgenerator.start_date' not found, using default value 'null' instead.
2026-05-29 17:15:51,590 INFO o.a.j.r.c.ReportGeneratorConfiguration: Property 'jmeter.reportgenerator.end_date' not found, using default value 'null' instead.
2026-05-29 17:15:51,590 INFO o.a.j.r.c.ReportGeneratorConfiguration: Property 'jmeter.reportgenerator.date_format' not found, using default value 'null' instead.
2026-05-29 17:15:51,590 INFO o.a.j.r.c.ReportGeneratorConfiguration: Will use date range start date: null, end date: null
2026-05-29 17:15:51,591 INFO o.a.j.r.c.ReportGeneratorConfiguration: Property 'jmeter.reportgenerator.graph.totalTPS.exclude_controllers' not found, using default value 'false' instead.
2026-05-29 17:15:51,592 INFO o.a.j.r.c.ReportGeneratorConfiguration: Property 'jmeter.reportgenerator.graph.activeThreadsOverTime.exclude_controllers' not found, using default value 'false' instead.
2026-05-29 17:15:51,592 INFO o.a.j.r.c.ReportGeneratorConfiguration: Property 'jmeter.reportgenerator.graph.timeVsThreads.exclude_controllers' not found, using default value 'false' instead.
2026-05-29 17:15:51,592 INFO o.a.j.r.c.ReportGeneratorConfiguration: Property 'jmeter.reportgenerator.graph.responseTimeDistribution.exclude_controllers' not found, using default value 'false' instead.
2026-05-29 17:15:51,592 INFO o.a.j.r.c.ReportGeneratorConfiguration: Property 'jmeter.reportgenerator.graph.transactionsPerSecond.exclude_controllers' not found, using default value 'false' instead.
2026-05-29 17:15:51,592 INFO o.a.j.r.c.ReportGeneratorConfiguration: Property 'jmeter.reportgenerator.graph.responseTimePercentiles.exclude_controllers' not found, using default value 'false' instead.
2026-05-29 17:15:51,592 INFO o.a.j.r.c.ReportGeneratorConfiguration: Property 'jmeter.reportgenerator.graph.responseTimePercentilesOverTime.exclude_controllers' not found, using default value 'false' instead.
2026-05-29 17:15:51,592 INFO o.a.j.r.c.ReportGeneratorConfiguration: Property 'jmeter.reportgenerator.graph.responseTimesOverTime.exclude_controllers' not found, using default value 'false' instead.
2026-05-29 17:15:51,592 INFO o.a.j.r.c.ReportGeneratorConfiguration: Property 'jmeter.reportgenerator.graph.connectTimeOverTime.exclude_controllers' not found, using default value 'false' instead.
2026-05-29 17:15:51,592 INFO o.a.j.r.c.ReportGeneratorConfiguration: Property 'jmeter.reportgenerator.graph.latenciesOverTime.exclude_controllers' not found, using default value 'false' instead.
2026-05-29 17:15:51,592 INFO o.a.j.r.c.ReportGeneratorConfiguration: Property 'jmeter.reportgenerator.exporter.json.filters_only_sample_series' not found, using default value 'true' instead.
2026-05-29 17:15:51,592 INFO o.a.j.r.c.ReportGeneratorConfiguration: Property 'jmeter.reportgenerator.exporter.json.series_filter' not found, using default value '' instead.
2026-05-29 17:15:51,592 INFO o.a.j.r.c.ReportGeneratorConfiguration: Property 'jmeter.reportgenerator.exporter.json.show_controllers_only' not found, using default value 'false' instead.
2026-05-29 17:15:51,592 INFO o.a.j.r.c.ReportGeneratorConfiguration: Property 'jmeter.reportgenerator.exporter.html.filters_only_sample_series' not found, using default value 'true' instead.
2026-05-29 17:15:51,592 INFO o.a.j.r.c.ReportGeneratorConfiguration: Property 'jmeter.reportgenerator.exporter.html.series_filter' not found, using default value '' instead.
2026-05-29 17:15:51,592 INFO o.a.j.r.c.ReportGeneratorConfiguration: Property 'jmeter.reportgenerator.exporter.html.show_controllers_only' not found, using default value 'false' instead.
2026-05-29 17:15:51,597 INFO o.a.j.e.StandardJMeterEngine: Running the test!
2026-05-29 17:15:51,597 INFO o.a.j.s.SampleEvent: List of sample_variables: []
2026-05-29 17:15:51,597 INFO o.a.j.s.SampleEvent: List of sample_variables: []
2026-05-29 17:15:51,598 INFO o.a.j.e.u.CompoundVariable: Note: Function class names must contain the string: '.functions.'
2026-05-29 17:15:51,598 INFO o.a.j.e.u.CompoundVariable: Note: Function class names must not contain the string: '.gui.'
2026-05-29 17:15:51,620 INFO o.a.j.r.ClassFinder: Will scan jar /opt/homebrew/Cellar/jmeter/5.6.3/libexec/lib/ext/jmeter-plugins-manager-1.9.jar with filter ExtendsClassFilter [parents=[interface org.apache.jmeter.functions.Function], inner=false, contains=null, notContains=null]. Consider exposing JMeter plugins via META-INF/services, and add JMeter-Skip-Class-Scanning=true manifest attribute so JMeter can skip classfile scanning
2026-05-29 17:15:51,656 INFO o.a.j.JMeter: Running test (1780042551656)
2026-05-29 17:15:51,662 INFO o.a.j.e.StandardJMeterEngine: Starting ThreadGroup: 1 : Course Read Heavy Load
2026-05-29 17:15:51,663 INFO o.a.j.e.StandardJMeterEngine: Starting 300 threads for group Course Read Heavy Load.
2026-05-29 17:15:51,663 INFO o.a.j.e.StandardJMeterEngine: Thread will continue on error
2026-05-29 17:15:51,663 INFO o.a.j.t.ThreadGroup: Starting thread group... number=1 threads=300 ramp-up=30 delayedStart=false
2026-05-29 17:15:51,665 INFO o.a.j.t.JMeterThread: Thread started: Course Read Heavy Load 1-1
2026-05-29 17:15:51,674 INFO o.a.j.p.h.s.HTTPHCAbstractImpl: Local host = koohyunmos-MacBook-Air.local
2026-05-29 17:15:51,676 INFO o.a.j.p.h.s.HTTPHC4Impl: HTTP request retry count = 0
2026-05-29 17:15:51,677 INFO o.a.j.s.SampleResult: Note: Sample TimeStamps are START times
2026-05-29 17:15:51,677 INFO o.a.j.s.SampleResult: sampleresult.default.encoding is set to UTF-8
2026-05-29 17:15:51,677 INFO o.a.j.s.SampleResult: sampleresult.useNanoTime=true
2026-05-29 17:15:51,677 INFO o.a.j.s.SampleResult: sampleresult.nanoThreadSleep=5000
2026-05-29 17:15:51,699 INFO o.a.j.t.ThreadGroup: Started thread group number 1
2026-05-29 17:15:51,700 INFO o.a.j.e.StandardJMeterEngine: All thread groups have been started
2026-05-29 17:15:51,767 INFO o.a.j.t.JMeterThread: Thread started: Course Read Heavy Load 1-2
2026-05-29 17:15:51,869 INFO o.a.j.t.JMeterThread: Thread started: Course Read Heavy Load 1-3
2026-05-29 17:15:51,966 INFO o.a.j.t.JMeterThread: Thread started: Course Read Heavy Load 1-4
2026-05-29 17:15:52,068 INFO o.a.j.t.JMeterThread: Thread started: Course Read Heavy Load 1-5
2026-05-29 17:15:52,164 INFO o.a.j.t.JMeterThread: Thread started: Course Read Heavy Load 1-6
2026-05-29 17:15:52,266 INFO o.a.j.t.JMeterThread: Thread started: Course Read Heavy Load 1-7
2026-05-29 17:15:52,319 INFO o.a.j.t.JMeterThread: Thread is done: Course Read Heavy Load 1-1
2026-05-29 17:15:52,319 INFO o.a.j.t.JMeterThread: Thread finished: Course Read Heavy Load 1-1
2026-05-29 17:15:52,340 INFO o.a.j.t.JMeterThread: Thread is done: Course Read Heavy Load 1-2
2026-05-29 17:15:52,341 INFO o.a.j.t.JMeterThread: Thread finished: Course Read Heavy Load 1-2
2026-05-29 17:15:52,365 INFO o.a.j.t.JMeterThread: Thread started: Course Read Heavy Load 1-8
2026-05-29 17:15:52,387 INFO o.a.j.t.JMeterThread: Thread is done: Course Read Heavy Load 1-3
2026-05-29 17:15:52,387 INFO o.a.j.t.JMeterThread: Thread finished: Course Read Heavy Load 1-3
2026-05-29 17:15:52,391 INFO o.a.j.t.JMeterThread: Thread is done: Course Read Heavy Load 1-4
2026-05-29 17:15:52,391 INFO o.a.j.t.JMeterThread: Thread finished: Course Read Heavy Load 1-4
2026-05-29 17:15:52,465 INFO o.a.j.t.JMeterThread: Thread started: Course Read Heavy Load 1-9
2026-05-29 17:15:52,479 INFO o.a.j.t.JMeterThread: Thread is done: Course Read Heavy Load 1-5
2026-05-29 17:15:52,479 INFO o.a.j.t.JMeterThread: Thread finished: Course Read Heavy Load 1-5
2026-05-29 17:15:52,537 INFO o.a.j.t.JMeterThread: Thread is done: Course Read Heavy Load 1-6
2026-05-29 17:15:52,537 INFO o.a.j.t.JMeterThread: Thread finished: Course Read Heavy Load 1-6
2026-05-29 17:15:52,565 INFO o.a.j.t.JMeterThread: Thread started: Course Read Heavy Load 1-10
2026-05-29 17:15:52,611 INFO o.a.j.t.JMeterThread: Thread is done: Course Read Heavy Load 1-7
2026-05-29 17:15:52,611 INFO o.a.j.t.JMeterThread: Thread finished: Course Read Heavy Load 1-7
2026-05-29 17:15:52,664 INFO o.a.j.t.JMeterThread: Thread is done: Course Read Heavy Load 1-8
2026-05-29 17:15:52,664 INFO o.a.j.t.JMeterThread: Thread finished: Course Read Heavy Load 1-8
2026-05-29 17:15:52,667 INFO o.a.j.t.JMeterThread: Thread started: Course Read Heavy Load 1-11
2026-05-29 17:15:52,750 INFO o.a.j.t.JMeterThread: Thread is done: Course Read Heavy Load 1-9
2026-05-29 17:15:52,750 INFO o.a.j.t.JMeterThread: Thread finished: Course Read Heavy Load 1-9
2026-05-29 17:15:52,765 INFO o.a.j.t.JMeterThread: Thread started: Course Read Heavy Load 1-12
2026-05-29 17:15:52,822 INFO o.a.j.t.JMeterThread: Thread is done: Course Read Heavy Load 1-10
2026-05-29 17:15:52,822 INFO o.a.j.t.JMeterThread: Thread finished: Course Read Heavy Load 1-10
2026-05-29 17:15:52,868 INFO o.a.j.t.JMeterThread: Thread started: Course Read Heavy Load 1-13
2026-05-29 17:15:52,896 INFO o.a.j.t.JMeterThread: Thread is done: Course Read Heavy Load 1-11
2026-05-29 17:15:52,896 INFO o.a.j.t.JMeterThread: Thread finished: Course Read Heavy Load 1-11
2026-05-29 17:15:52,965 INFO o.a.j.t.JMeterThread: Thread started: Course Read Heavy Load 1-14
2026-05-29 17:15:52,994 INFO o.a.j.t.JMeterThread: Thread is done: Course Read Heavy Load 1-12
2026-05-29 17:15:52,994 INFO o.a.j.t.JMeterThread: Thread finished: Course Read Heavy Load 1-12
2026-05-29 17:15:53,069 INFO o.a.j.t.JMeterThread: Thread started: Course Read Heavy Load 1-15
2026-05-29 17:15:53,092 INFO o.a.j.t.JMeterThread: Thread is done: Course Read Heavy Load 1-13
2026-05-29 17:15:53,092 INFO o.a.j.t.JMeterThread: Thread finished: Course Read Heavy Load 1-13
2026-05-29 17:15:53,165 INFO o.a.j.t.JMeterThread: Thread started: Course Read Heavy Load 1-16
2026-05-29 17:15:53,191 INFO o.a.j.t.JMeterThread: Thread is done: Course Read Heavy Load 1-14
2026-05-29 17:15:53,191 INFO o.a.j.t.JMeterThread: Thread finished: Course Read Heavy Load 1-14
2026-05-29 17:15:53,265 INFO o.a.j.t.JMeterThread: Thread started: Course Read Heavy Load 1-17
2026-05-29 17:15:53,288 INFO o.a.j.t.JMeterThread: Thread is done: Course Read Heavy Load 1-15
2026-05-29 17:15:53,288 INFO o.a.j.t.JMeterThread: Thread finished: Course Read Heavy Load 1-15
2026-05-29 17:15:53,364 INFO o.a.j.t.JMeterThread: Thread started: Course Read Heavy Load 1-18
2026-05-29 17:15:53,384 INFO o.a.j.t.JMeterThread: Thread is done: Course Read Heavy Load 1-16
2026-05-29 17:15:53,384 INFO o.a.j.t.JMeterThread: Thread finished: Course Read Heavy Load 1-16
2026-05-29 17:15:53,468 INFO o.a.j.t.JMeterThread: Thread started: Course Read Heavy Load 1-19
2026-05-29 17:15:53,488 INFO o.a.j.t.JMeterThread: Thread is done: Course Read Heavy Load 1-17
2026-05-29 17:15:53,489 INFO o.a.j.t.JMeterThread: Thread finished: Course Read Heavy Load 1-17
2026-05-29 17:15:53,566 INFO o.a.j.t.JMeterThread: Thread started: Course Read Heavy Load 1-20
2026-05-29 17:15:53,590 INFO o.a.j.t.JMeterThread: Thread is done: Course Read Heavy Load 1-18
2026-05-29 17:15:53,590 INFO o.a.j.t.JMeterThread: Thread finished: Course Read Heavy Load 1-18
2026-05-29 17:15:53,665 INFO o.a.j.t.JMeterThread: Thread started: Course Read Heavy Load 1-21
2026-05-29 17:15:53,689 INFO o.a.j.t.JMeterThread: Thread is done: Course Read Heavy Load 1-19
2026-05-29 17:15:53,689 INFO o.a.j.t.JMeterThread: Thread finished: Course Read Heavy Load 1-19
2026-05-29 17:15:53,765 INFO o.a.j.t.JMeterThread: Thread started: Course Read Heavy Load 1-22
2026-05-29 17:15:53,782 INFO o.a.j.t.JMeterThread: Thread is done: Course Read Heavy Load 1-20
2026-05-29 17:15:53,782 INFO o.a.j.t.JMeterThread: Thread finished: Course Read Heavy Load 1-20
2026-05-29 17:15:53,865 INFO o.a.j.t.JMeterThread: Thread started: Course Read Heavy Load 1-23
2026-05-29 17:15:53,888 INFO o.a.j.t.JMeterThread: Thread is done: Course Read Heavy Load 1-21
2026-05-29 17:15:53,888 INFO o.a.j.t.JMeterThread: Thread finished: Course Read Heavy Load 1-21
2026-05-29 17:15:53,965 INFO o.a.j.t.JMeterThread: Thread started: Course Read Heavy Load 1-24
2026-05-29 17:15:53,986 INFO o.a.j.t.JMeterThread: Thread is done: Course Read Heavy Load 1-22
2026-05-29 17:15:53,986 INFO o.a.j.t.JMeterThread: Thread finished: Course Read Heavy Load 1-22
2026-05-29 17:15:54,068 INFO o.a.j.t.JMeterThread: Thread started: Course Read Heavy Load 1-25
2026-05-29 17:15:54,088 INFO o.a.j.t.JMeterThread: Thread is done: Course Read Heavy Load 1-23
2026-05-29 17:15:54,089 INFO o.a.j.t.JMeterThread: Thread finished: Course Read Heavy Load 1-23
2026-05-29 17:15:54,164 INFO o.a.j.t.JMeterThread: Thread started: Course Read Heavy Load 1-26
2026-05-29 17:15:54,186 INFO o.a.j.t.JMeterThread: Thread is done: Course Read Heavy Load 1-24
2026-05-29 17:15:54,186 INFO o.a.j.t.JMeterThread: Thread finished: Course Read Heavy Load 1-24
2026-05-29 17:15:54,268 INFO o.a.j.t.JMeterThread: Thread started: Course Read Heavy Load 1-27
2026-05-29 17:15:54,285 INFO o.a.j.t.JMeterThread: Thread is done: Course Read Heavy Load 1-25
2026-05-29 17:15:54,285 INFO o.a.j.t.JMeterThread: Thread finished: Course Read Heavy Load 1-25
2026-05-29 17:15:54,366 INFO o.a.j.t.JMeterThread: Thread started: Course Read Heavy Load 1-28
2026-05-29 17:15:54,379 INFO o.a.j.t.JMeterThread: Thread is done: Course Read Heavy Load 1-26
2026-05-29 17:15:54,379 INFO o.a.j.t.JMeterThread: Thread finished: Course Read Heavy Load 1-26
2026-05-29 17:15:54,466 INFO o.a.j.t.JMeterThread: Thread started: Course Read Heavy Load 1-29
2026-05-29 17:15:54,487 INFO o.a.j.t.JMeterThread: Thread is done: Course Read Heavy Load 1-27
2026-05-29 17:15:54,487 INFO o.a.j.t.JMeterThread: Thread finished: Course Read Heavy Load 1-27
2026-05-29 17:15:54,567 INFO o.a.j.t.JMeterThread: Thread started: Course Read Heavy Load 1-30
2026-05-29 17:15:54,586 INFO o.a.j.t.JMeterThread: Thread is done: Course Read Heavy Load 1-28
2026-05-29 17:15:54,586 INFO o.a.j.t.JMeterThread: Thread finished: Course Read Heavy Load 1-28
2026-05-29 17:15:54,669 INFO o.a.j.t.JMeterThread: Thread started: Course Read Heavy Load 1-31
2026-05-29 17:15:54,681 INFO o.a.j.t.JMeterThread: Thread is done: Course Read Heavy Load 1-29
2026-05-29 17:15:54,681 INFO o.a.j.t.JMeterThread: Thread finished: Course Read Heavy Load 1-29
2026-05-29 17:15:54,768 INFO o.a.j.t.JMeterThread: Thread started: Course Read Heavy Load 1-32
2026-05-29 17:15:54,780 INFO o.a.j.t.JMeterThread: Thread is done: Course Read Heavy Load 1-30
2026-05-29 17:15:54,780 INFO o.a.j.t.JMeterThread: Thread finished: Course Read Heavy Load 1-30
2026-05-29 17:15:54,864 INFO o.a.j.t.JMeterThread: Thread started: Course Read Heavy Load 1-33
2026-05-29 17:15:54,884 INFO o.a.j.t.JMeterThread: Thread is done: Course Read Heavy Load 1-31
2026-05-29 17:15:54,884 INFO o.a.j.t.JMeterThread: Thread finished: Course Read Heavy Load 1-31
2026-05-29 17:15:54,965 INFO o.a.j.t.JMeterThread: Thread started: Course Read Heavy Load 1-34
2026-05-29 17:15:54,984 INFO o.a.j.t.JMeterThread: Thread is done: Course Read Heavy Load 1-32
2026-05-29 17:15:54,984 INFO o.a.j.t.JMeterThread: Thread finished: Course Read Heavy Load 1-32
2026-05-29 17:15:55,065 INFO o.a.j.t.JMeterThread: Thread started: Course Read Heavy Load 1-35
2026-05-29 17:15:55,080 INFO o.a.j.t.JMeterThread: Thread is done: Course Read Heavy Load 1-33
2026-05-29 17:15:55,080 INFO o.a.j.t.JMeterThread: Thread finished: Course Read Heavy Load 1-33
2026-05-29 17:15:55,165 INFO o.a.j.t.JMeterThread: Thread started: Course Read Heavy Load 1-36
2026-05-29 17:15:55,181 INFO o.a.j.t.JMeterThread: Thread is done: Course Read Heavy Load 1-34
2026-05-29 17:15:55,181 INFO o.a.j.t.JMeterThread: Thread finished: Course Read Heavy Load 1-34
2026-05-29 17:15:55,268 INFO o.a.j.t.JMeterThread: Thread started: Course Read Heavy Load 1-37
2026-05-29 17:15:55,280 INFO o.a.j.t.JMeterThread: Thread is done: Course Read Heavy Load 1-35
2026-05-29 17:15:55,280 INFO o.a.j.t.JMeterThread: Thread finished: Course Read Heavy Load 1-35
2026-05-29 17:15:55,365 INFO o.a.j.t.JMeterThread: Thread started: Course Read Heavy Load 1-38
2026-05-29 17:15:55,372 INFO o.a.j.t.JMeterThread: Thread is done: Course Read Heavy Load 1-36
2026-05-29 17:15:55,372 INFO o.a.j.t.JMeterThread: Thread finished: Course Read Heavy Load 1-36
2026-05-29 17:15:55,465 INFO o.a.j.t.JMeterThread: Thread started: Course Read Heavy Load 1-39
2026-05-29 17:15:55,479 INFO o.a.j.t.JMeterThread: Thread is done: Course Read Heavy Load 1-37
2026-05-29 17:15:55,479 INFO o.a.j.t.JMeterThread: Thread finished: Course Read Heavy Load 1-37
2026-05-29 17:15:55,567 INFO o.a.j.t.JMeterThread: Thread started: Course Read Heavy Load 1-40
2026-05-29 17:15:55,580 INFO o.a.j.t.JMeterThread: Thread is done: Course Read Heavy Load 1-38
2026-05-29 17:15:55,580 INFO o.a.j.t.JMeterThread: Thread finished: Course Read Heavy Load 1-38
2026-05-29 17:15:55,669 INFO o.a.j.t.JMeterThread: Thread started: Course Read Heavy Load 1-41
2026-05-29 17:15:55,678 INFO o.a.j.t.JMeterThread: Thread is done: Course Read Heavy Load 1-39
2026-05-29 17:15:55,678 INFO o.a.j.t.JMeterThread: Thread finished: Course Read Heavy Load 1-39
2026-05-29 17:15:55,768 INFO o.a.j.t.JMeterThread: Thread started: Course Read Heavy Load 1-42
2026-05-29 17:15:55,786 INFO o.a.j.t.JMeterThread: Thread is done: Course Read Heavy Load 1-40
2026-05-29 17:15:55,786 INFO o.a.j.t.JMeterThread: Thread finished: Course Read Heavy Load 1-40
2026-05-29 17:15:55,868 INFO o.a.j.t.JMeterThread: Thread started: Course Read Heavy Load 1-43
2026-05-29 17:15:55,886 INFO o.a.j.t.JMeterThread: Thread is done: Course Read Heavy Load 1-41
2026-05-29 17:15:55,887 INFO o.a.j.t.JMeterThread: Thread finished: Course Read Heavy Load 1-41
2026-05-29 17:15:55,965 INFO o.a.j.t.JMeterThread: Thread started: Course Read Heavy Load 1-44
2026-05-29 17:15:55,978 INFO o.a.j.t.JMeterThread: Thread is done: Course Read Heavy Load 1-42
2026-05-29 17:15:55,978 INFO o.a.j.t.JMeterThread: Thread finished: Course Read Heavy Load 1-42
2026-05-29 17:15:56,064 INFO o.a.j.t.JMeterThread: Thread started: Course Read Heavy Load 1-45
2026-05-29 17:15:56,087 INFO o.a.j.t.JMeterThread: Thread is done: Course Read Heavy Load 1-43
2026-05-29 17:15:56,087 INFO o.a.j.t.JMeterThread: Thread finished: Course Read Heavy Load 1-43
2026-05-29 17:15:56,165 INFO o.a.j.t.JMeterThread: Thread started: Course Read Heavy Load 1-46
2026-05-29 17:15:56,182 INFO o.a.j.t.JMeterThread: Thread is done: Course Read Heavy Load 1-44
2026-05-29 17:15:56,182 INFO o.a.j.t.JMeterThread: Thread finished: Course Read Heavy Load 1-44
2026-05-29 17:15:56,268 INFO o.a.j.t.JMeterThread: Thread started: Course Read Heavy Load 1-47
2026-05-29 17:15:56,279 INFO o.a.j.t.JMeterThread: Thread is done: Course Read Heavy Load 1-45
2026-05-29 17:15:56,279 INFO o.a.j.t.JMeterThread: Thread finished: Course Read Heavy Load 1-45
2026-05-29 17:15:56,365 INFO o.a.j.t.JMeterThread: Thread started: Course Read Heavy Load 1-48
2026-05-29 17:15:56,381 INFO o.a.j.t.JMeterThread: Thread is done: Course Read Heavy Load 1-46
2026-05-29 17:15:56,381 INFO o.a.j.t.JMeterThread: Thread finished: Course Read Heavy Load 1-46
2026-05-29 17:15:56,464 INFO o.a.j.t.JMeterThread: Thread started: Course Read Heavy Load 1-49
2026-05-29 17:15:56,483 INFO o.a.j.t.JMeterThread: Thread is done: Course Read Heavy Load 1-47
2026-05-29 17:15:56,483 INFO o.a.j.t.JMeterThread: Thread finished: Course Read Heavy Load 1-47
2026-05-29 17:15:56,567 INFO o.a.j.t.JMeterThread: Thread started: Course Read Heavy Load 1-50
2026-05-29 17:15:56,581 INFO o.a.j.t.JMeterThread: Thread is done: Course Read Heavy Load 1-48
2026-05-29 17:15:56,581 INFO o.a.j.t.JMeterThread: Thread finished: Course Read Heavy Load 1-48
2026-05-29 17:15:56,668 INFO o.a.j.t.JMeterThread: Thread started: Course Read Heavy Load 1-51
2026-05-29 17:15:56,677 INFO o.a.j.t.JMeterThread: Thread is done: Course Read Heavy Load 1-49
2026-05-29 17:15:56,677 INFO o.a.j.t.JMeterThread: Thread finished: Course Read Heavy Load 1-49
2026-05-29 17:15:56,766 INFO o.a.j.t.JMeterThread: Thread started: Course Read Heavy Load 1-52
2026-05-29 17:15:56,778 INFO o.a.j.t.JMeterThread: Thread is done: Course Read Heavy Load 1-50
2026-05-29 17:15:56,778 INFO o.a.j.t.JMeterThread: Thread finished: Course Read Heavy Load 1-50
2026-05-29 17:15:56,865 INFO o.a.j.t.JMeterThread: Thread started: Course Read Heavy Load 1-53
2026-05-29 17:15:56,878 INFO o.a.j.t.JMeterThread: Thread is done: Course Read Heavy Load 1-51
2026-05-29 17:15:56,878 INFO o.a.j.t.JMeterThread: Thread finished: Course Read Heavy Load 1-51
2026-05-29 17:15:56,965 INFO o.a.j.t.JMeterThread: Thread started: Course Read Heavy Load 1-54
2026-05-29 17:15:56,979 INFO o.a.j.t.JMeterThread: Thread is done: Course Read Heavy Load 1-52
2026-05-29 17:15:56,979 INFO o.a.j.t.JMeterThread: Thread finished: Course Read Heavy Load 1-52
2026-05-29 17:15:57,065 INFO o.a.j.t.JMeterThread: Thread started: Course Read Heavy Load 1-55
2026-05-29 17:15:57,085 INFO o.a.j.t.JMeterThread: Thread is done: Course Read Heavy Load 1-53
2026-05-29 17:15:57,085 INFO o.a.j.t.JMeterThread: Thread finished: Course Read Heavy Load 1-53
2026-05-29 17:15:57,168 INFO o.a.j.t.JMeterThread: Thread started: Course Read Heavy Load 1-56
2026-05-29 17:15:57,179 INFO o.a.j.t.JMeterThread: Thread is done: Course Read Heavy Load 1-54
2026-05-29 17:15:57,179 INFO o.a.j.t.JMeterThread: Thread finished: Course Read Heavy Load 1-54
2026-05-29 17:15:57,268 INFO o.a.j.t.JMeterThread: Thread started: Course Read Heavy Load 1-57
2026-05-29 17:15:57,274 INFO o.a.j.t.JMeterThread: Thread is done: Course Read Heavy Load 1-55
2026-05-29 17:15:57,274 INFO o.a.j.t.JMeterThread: Thread finished: Course Read Heavy Load 1-55
2026-05-29 17:15:57,366 INFO o.a.j.t.JMeterThread: Thread started: Course Read Heavy Load 1-58
2026-05-29 17:15:57,380 INFO o.a.j.t.JMeterThread: Thread is done: Course Read Heavy Load 1-56
2026-05-29 17:15:57,380 INFO o.a.j.t.JMeterThread: Thread finished: Course Read Heavy Load 1-56
2026-05-29 17:15:57,465 INFO o.a.j.t.JMeterThread: Thread started: Course Read Heavy Load 1-59
2026-05-29 17:15:57,481 INFO o.a.j.t.JMeterThread: Thread is done: Course Read Heavy Load 1-57
2026-05-29 17:15:57,481 INFO o.a.j.t.JMeterThread: Thread finished: Course Read Heavy Load 1-57
2026-05-29 17:15:57,569 INFO o.a.j.t.JMeterThread: Thread started: Course Read Heavy Load 1-60
2026-05-29 17:15:57,583 INFO o.a.j.t.JMeterThread: Thread is done: Course Read Heavy Load 1-58
2026-05-29 17:15:57,583 INFO o.a.j.t.JMeterThread: Thread finished: Course Read Heavy Load 1-58
2026-05-29 17:15:57,668 INFO o.a.j.t.JMeterThread: Thread started: Course Read Heavy Load 1-61
2026-05-29 17:15:57,689 INFO o.a.j.t.JMeterThread: Thread is done: Course Read Heavy Load 1-59
2026-05-29 17:15:57,689 INFO o.a.j.t.JMeterThread: Thread finished: Course Read Heavy Load 1-59
2026-05-29 17:15:57,767 INFO o.a.j.t.JMeterThread: Thread started: Course Read Heavy Load 1-62
2026-05-29 17:15:57,794 INFO o.a.j.t.JMeterThread: Thread is done: Course Read Heavy Load 1-60
2026-05-29 17:15:57,794 INFO o.a.j.t.JMeterThread: Thread finished: Course Read Heavy Load 1-60
2026-05-29 17:15:57,865 INFO o.a.j.t.JMeterThread: Thread started: Course Read Heavy Load 1-63
2026-05-29 17:15:57,879 INFO o.a.j.t.JMeterThread: Thread is done: Course Read Heavy Load 1-61
2026-05-29 17:15:57,879 INFO o.a.j.t.JMeterThread: Thread finished: Course Read Heavy Load 1-61
2026-05-29 17:15:57,964 INFO o.a.j.t.JMeterThread: Thread started: Course Read Heavy Load 1-64
2026-05-29 17:15:57,974 INFO o.a.j.t.JMeterThread: Thread is done: Course Read Heavy Load 1-62
2026-05-29 17:15:57,974 INFO o.a.j.t.JMeterThread: Thread finished: Course Read Heavy Load 1-62
2026-05-29 17:15:58,066 INFO o.a.j.t.JMeterThread: Thread started: Course Read Heavy Load 1-65
2026-05-29 17:15:58,075 INFO o.a.j.t.JMeterThread: Thread is done: Course Read Heavy Load 1-63
2026-05-29 17:15:58,075 INFO o.a.j.t.JMeterThread: Thread finished: Course Read Heavy Load 1-63
2026-05-29 17:15:58,168 INFO o.a.j.t.JMeterThread: Thread started: Course Read Heavy Load 1-66
2026-05-29 17:15:58,172 INFO o.a.j.t.JMeterThread: Thread is done: Course Read Heavy Load 1-64
2026-05-29 17:15:58,172 INFO o.a.j.t.JMeterThread: Thread finished: Course Read Heavy Load 1-64
2026-05-29 17:15:58,265 INFO o.a.j.t.JMeterThread: Thread started: Course Read Heavy Load 1-67
2026-05-29 17:15:58,276 INFO o.a.j.t.JMeterThread: Thread is done: Course Read Heavy Load 1-65
2026-05-29 17:15:58,276 INFO o.a.j.t.JMeterThread: Thread finished: Course Read Heavy Load 1-65
2026-05-29 17:15:58,368 INFO o.a.j.t.JMeterThread: Thread started: Course Read Heavy Load 1-68
2026-05-29 17:15:58,377 INFO o.a.j.t.JMeterThread: Thread is done: Course Read Heavy Load 1-66
2026-05-29 17:15:58,377 INFO o.a.j.t.JMeterThread: Thread finished: Course Read Heavy Load 1-66
2026-05-29 17:15:58,468 INFO o.a.j.t.JMeterThread: Thread started: Course Read Heavy Load 1-69
2026-05-29 17:15:58,474 INFO o.a.j.t.JMeterThread: Thread is done: Course Read Heavy Load 1-67
2026-05-29 17:15:58,474 INFO o.a.j.t.JMeterThread: Thread finished: Course Read Heavy Load 1-67
2026-05-29 17:15:58,567 INFO o.a.j.t.JMeterThread: Thread started: Course Read Heavy Load 1-70
2026-05-29 17:15:58,579 INFO o.a.j.t.JMeterThread: Thread is done: Course Read Heavy Load 1-68
2026-05-29 17:15:58,579 INFO o.a.j.t.JMeterThread: Thread finished: Course Read Heavy Load 1-68
2026-05-29 17:15:58,668 INFO o.a.j.t.JMeterThread: Thread started: Course Read Heavy Load 1-71
2026-05-29 17:15:58,678 INFO o.a.j.t.JMeterThread: Thread is done: Course Read Heavy Load 1-69
2026-05-29 17:15:58,678 INFO o.a.j.t.JMeterThread: Thread finished: Course Read Heavy Load 1-69
2026-05-29 17:15:58,766 INFO o.a.j.t.JMeterThread: Thread started: Course Read Heavy Load 1-72
2026-05-29 17:15:58,776 INFO o.a.j.t.JMeterThread: Thread is done: Course Read Heavy Load 1-70
2026-05-29 17:15:58,776 INFO o.a.j.t.JMeterThread: Thread finished: Course Read Heavy Load 1-70
2026-05-29 17:15:58,865 INFO o.a.j.t.JMeterThread: Thread started: Course Read Heavy Load 1-73
2026-05-29 17:15:58,880 INFO o.a.j.t.JMeterThread: Thread is done: Course Read Heavy Load 1-71
2026-05-29 17:15:58,880 INFO o.a.j.t.JMeterThread: Thread finished: Course Read Heavy Load 1-71
2026-05-29 17:15:58,969 INFO o.a.j.t.JMeterThread: Thread started: Course Read Heavy Load 1-74
2026-05-29 17:15:58,978 INFO o.a.j.t.JMeterThread: Thread is done: Course Read Heavy Load 1-72
2026-05-29 17:15:58,978 INFO o.a.j.t.JMeterThread: Thread finished: Course Read Heavy Load 1-72
2026-05-29 17:15:59,063 INFO o.a.j.t.JMeterThread: Thread started: Course Read Heavy Load 1-75
2026-05-29 17:15:59,074 INFO o.a.j.t.JMeterThread: Thread is done: Course Read Heavy Load 1-73
2026-05-29 17:15:59,074 INFO o.a.j.t.JMeterThread: Thread finished: Course Read Heavy Load 1-73
2026-05-29 17:15:59,168 INFO o.a.j.t.JMeterThread: Thread started: Course Read Heavy Load 1-76
2026-05-29 17:15:59,175 INFO o.a.j.t.JMeterThread: Thread is done: Course Read Heavy Load 1-74
2026-05-29 17:15:59,175 INFO o.a.j.t.JMeterThread: Thread finished: Course Read Heavy Load 1-74
2026-05-29 17:15:59,267 INFO o.a.j.t.JMeterThread: Thread started: Course Read Heavy Load 1-77
2026-05-29 17:15:59,275 INFO o.a.j.t.JMeterThread: Thread is done: Course Read Heavy Load 1-75
2026-05-29 17:15:59,275 INFO o.a.j.t.JMeterThread: Thread finished: Course Read Heavy Load 1-75
2026-05-29 17:15:59,365 INFO o.a.j.t.JMeterThread: Thread started: Course Read Heavy Load 1-78
2026-05-29 17:15:59,382 INFO o.a.j.t.JMeterThread: Thread is done: Course Read Heavy Load 1-76
2026-05-29 17:15:59,382 INFO o.a.j.t.JMeterThread: Thread finished: Course Read Heavy Load 1-76
2026-05-29 17:15:59,465 INFO o.a.j.t.JMeterThread: Thread started: Course Read Heavy Load 1-79
2026-05-29 17:15:59,477 INFO o.a.j.t.JMeterThread: Thread is done: Course Read Heavy Load 1-77
2026-05-29 17:15:59,477 INFO o.a.j.t.JMeterThread: Thread finished: Course Read Heavy Load 1-77
2026-05-29 17:15:59,565 INFO o.a.j.t.JMeterThread: Thread started: Course Read Heavy Load 1-80
2026-05-29 17:15:59,577 INFO o.a.j.t.JMeterThread: Thread is done: Course Read Heavy Load 1-78
2026-05-29 17:15:59,578 INFO o.a.j.t.JMeterThread: Thread finished: Course Read Heavy Load 1-78
2026-05-29 17:15:59,665 INFO o.a.j.t.JMeterThread: Thread started: Course Read Heavy Load 1-81
2026-05-29 17:15:59,676 INFO o.a.j.t.JMeterThread: Thread is done: Course Read Heavy Load 1-79
2026-05-29 17:15:59,676 INFO o.a.j.t.JMeterThread: Thread finished: Course Read Heavy Load 1-79
2026-05-29 17:15:59,766 INFO o.a.j.t.JMeterThread: Thread started: Course Read Heavy Load 1-82
2026-05-29 17:15:59,777 INFO o.a.j.t.JMeterThread: Thread is done: Course Read Heavy Load 1-80
2026-05-29 17:15:59,777 INFO o.a.j.t.JMeterThread: Thread finished: Course Read Heavy Load 1-80
2026-05-29 17:15:59,870 INFO o.a.j.t.JMeterThread: Thread started: Course Read Heavy Load 1-83
2026-05-29 17:15:59,877 INFO o.a.j.t.JMeterThread: Thread is done: Course Read Heavy Load 1-81
2026-05-29 17:15:59,878 INFO o.a.j.t.JMeterThread: Thread finished: Course Read Heavy Load 1-81
2026-05-29 17:15:59,969 INFO o.a.j.t.JMeterThread: Thread started: Course Read Heavy Load 1-84
2026-05-29 17:15:59,975 INFO o.a.j.t.JMeterThread: Thread is done: Course Read Heavy Load 1-82
2026-05-29 17:15:59,975 INFO o.a.j.t.JMeterThread: Thread finished: Course Read Heavy Load 1-82
2026-05-29 17:16:00,003 INFO o.a.j.r.Summariser: summary +   1655 in 00:00:08 =  198.3/s Avg:    11 Min:     9 Max:   258 Err:     0 (0.00%) Active: 2 Started: 84 Finished: 82
2026-05-29 17:16:00,067 INFO o.a.j.t.JMeterThread: Thread started: Course Read Heavy Load 1-85
2026-05-29 17:16:00,096 INFO o.a.j.t.JMeterThread: Thread is done: Course Read Heavy Load 1-83
2026-05-29 17:16:00,096 INFO o.a.j.t.JMeterThread: Thread finished: Course Read Heavy Load 1-83
2026-05-29 17:16:00,164 INFO o.a.j.t.JMeterThread: Thread started: Course Read Heavy Load 1-86
2026-05-29 17:16:00,216 INFO o.a.j.t.JMeterThread: Thread is done: Course Read Heavy Load 1-84
2026-05-29 17:16:00,216 INFO o.a.j.t.JMeterThread: Thread finished: Course Read Heavy Load 1-84
2026-05-29 17:16:00,265 INFO o.a.j.t.JMeterThread: Thread started: Course Read Heavy Load 1-87
2026-05-29 17:16:00,299 INFO o.a.j.t.JMeterThread: Thread is done: Course Read Heavy Load 1-85
2026-05-29 17:16:00,299 INFO o.a.j.t.JMeterThread: Thread finished: Course Read Heavy Load 1-85
2026-05-29 17:16:00,367 INFO o.a.j.t.JMeterThread: Thread started: Course Read Heavy Load 1-88
2026-05-29 17:16:00,386 INFO o.a.j.t.JMeterThread: Thread is done: Course Read Heavy Load 1-86
2026-05-29 17:16:00,386 INFO o.a.j.t.JMeterThread: Thread finished: Course Read Heavy Load 1-86
2026-05-29 17:16:00,469 INFO o.a.j.t.JMeterThread: Thread started: Course Read Heavy Load 1-89
2026-05-29 17:16:00,478 INFO o.a.j.t.JMeterThread: Thread is done: Course Read Heavy Load 1-87
2026-05-29 17:16:00,478 INFO o.a.j.t.JMeterThread: Thread finished: Course Read Heavy Load 1-87
2026-05-29 17:16:00,568 INFO o.a.j.t.JMeterThread: Thread started: Course Read Heavy Load 1-90
2026-05-29 17:16:00,580 INFO o.a.j.t.JMeterThread: Thread is done: Course Read Heavy Load 1-88
2026-05-29 17:16:00,581 INFO o.a.j.t.JMeterThread: Thread finished: Course Read Heavy Load 1-88
2026-05-29 17:16:00,669 INFO o.a.j.t.JMeterThread: Thread started: Course Read Heavy Load 1-91
2026-05-29 17:16:00,679 INFO o.a.j.t.JMeterThread: Thread is done: Course Read Heavy Load 1-89
2026-05-29 17:16:00,679 INFO o.a.j.t.JMeterThread: Thread finished: Course Read Heavy Load 1-89
2026-05-29 17:16:00,767 INFO o.a.j.t.JMeterThread: Thread started: Course Read Heavy Load 1-92
2026-05-29 17:16:00,775 INFO o.a.j.t.JMeterThread: Thread is done: Course Read Heavy Load 1-90
2026-05-29 17:16:00,775 INFO o.a.j.t.JMeterThread: Thread finished: Course Read Heavy Load 1-90
2026-05-29 17:16:00,866 INFO o.a.j.t.JMeterThread: Thread started: Course Read Heavy Load 1-93
2026-05-29 17:16:00,881 INFO o.a.j.t.JMeterThread: Thread is done: Course Read Heavy Load 1-91
2026-05-29 17:16:00,881 INFO o.a.j.t.JMeterThread: Thread finished: Course Read Heavy Load 1-91
2026-05-29 17:16:00,969 INFO o.a.j.t.JMeterThread: Thread started: Course Read Heavy Load 1-94
2026-05-29 17:16:00,978 INFO o.a.j.t.JMeterThread: Thread is done: Course Read Heavy Load 1-92
2026-05-29 17:16:00,978 INFO o.a.j.t.JMeterThread: Thread finished: Course Read Heavy Load 1-92
2026-05-29 17:16:01,065 INFO o.a.j.t.JMeterThread: Thread started: Course Read Heavy Load 1-95
2026-05-29 17:16:01,077 INFO o.a.j.t.JMeterThread: Thread is done: Course Read Heavy Load 1-93
2026-05-29 17:16:01,077 INFO o.a.j.t.JMeterThread: Thread finished: Course Read Heavy Load 1-93
2026-05-29 17:16:01,165 INFO o.a.j.t.JMeterThread: Thread started: Course Read Heavy Load 1-96
2026-05-29 17:16:01,178 INFO o.a.j.t.JMeterThread: Thread is done: Course Read Heavy Load 1-94
2026-05-29 17:16:01,178 INFO o.a.j.t.JMeterThread: Thread finished: Course Read Heavy Load 1-94
2026-05-29 17:16:01,265 INFO o.a.j.t.JMeterThread: Thread started: Course Read Heavy Load 1-97
2026-05-29 17:16:01,277 INFO o.a.j.t.JMeterThread: Thread is done: Course Read Heavy Load 1-95
2026-05-29 17:16:01,277 INFO o.a.j.t.JMeterThread: Thread finished: Course Read Heavy Load 1-95
2026-05-29 17:16:01,363 INFO o.a.j.t.JMeterThread: Thread started: Course Read Heavy Load 1-98
2026-05-29 17:16:01,374 INFO o.a.j.t.JMeterThread: Thread is done: Course Read Heavy Load 1-96
2026-05-29 17:16:01,374 INFO o.a.j.t.JMeterThread: Thread finished: Course Read Heavy Load 1-96
2026-05-29 17:16:01,466 INFO o.a.j.t.JMeterThread: Thread started: Course Read Heavy Load 1-99
2026-05-29 17:16:01,474 INFO o.a.j.t.JMeterThread: Thread is done: Course Read Heavy Load 1-97
2026-05-29 17:16:01,474 INFO o.a.j.t.JMeterThread: Thread finished: Course Read Heavy Load 1-97
2026-05-29 17:16:01,565 INFO o.a.j.t.JMeterThread: Thread started: Course Read Heavy Load 1-100
2026-05-29 17:16:01,572 INFO o.a.j.t.JMeterThread: Thread is done: Course Read Heavy Load 1-98
2026-05-29 17:16:01,572 INFO o.a.j.t.JMeterThread: Thread finished: Course Read Heavy Load 1-98
2026-05-29 17:16:01,664 INFO o.a.j.t.JMeterThread: Thread started: Course Read Heavy Load 1-101
2026-05-29 17:16:01,677 INFO o.a.j.t.JMeterThread: Thread is done: Course Read Heavy Load 1-99
2026-05-29 17:16:01,677 INFO o.a.j.t.JMeterThread: Thread finished: Course Read Heavy Load 1-99
2026-05-29 17:16:01,768 INFO o.a.j.t.JMeterThread: Thread started: Course Read Heavy Load 1-102
2026-05-29 17:16:01,776 INFO o.a.j.t.JMeterThread: Thread is done: Course Read Heavy Load 1-100
2026-05-29 17:16:01,776 INFO o.a.j.t.JMeterThread: Thread finished: Course Read Heavy Load 1-100
2026-05-29 17:16:01,867 INFO o.a.j.t.JMeterThread: Thread started: Course Read Heavy Load 1-103
2026-05-29 17:16:01,881 INFO o.a.j.t.JMeterThread: Thread is done: Course Read Heavy Load 1-101
2026-05-29 17:16:01,881 INFO o.a.j.t.JMeterThread: Thread finished: Course Read Heavy Load 1-101
2026-05-29 17:16:01,967 INFO o.a.j.t.JMeterThread: Thread started: Course Read Heavy Load 1-104
2026-05-29 17:16:01,986 INFO o.a.j.t.JMeterThread: Thread is done: Course Read Heavy Load 1-102
2026-05-29 17:16:01,987 INFO o.a.j.t.JMeterThread: Thread finished: Course Read Heavy Load 1-102
2026-05-29 17:16:02,065 INFO o.a.j.t.JMeterThread: Thread started: Course Read Heavy Load 1-105
2026-05-29 17:16:02,081 INFO o.a.j.t.JMeterThread: Thread is done: Course Read Heavy Load 1-103
2026-05-29 17:16:02,081 INFO o.a.j.t.JMeterThread: Thread finished: Course Read Heavy Load 1-103
2026-05-29 17:16:02,165 INFO o.a.j.t.JMeterThread: Thread started: Course Read Heavy Load 1-106
2026-05-29 17:16:02,177 INFO o.a.j.t.JMeterThread: Thread is done: Course Read Heavy Load 1-104
2026-05-29 17:16:02,177 INFO o.a.j.t.JMeterThread: Thread finished: Course Read Heavy Load 1-104
2026-05-29 17:16:02,268 INFO o.a.j.t.JMeterThread: Thread started: Course Read Heavy Load 1-107
2026-05-29 17:16:02,272 INFO o.a.j.t.JMeterThread: Thread is done: Course Read Heavy Load 1-105
2026-05-29 17:16:02,272 INFO o.a.j.t.JMeterThread: Thread finished: Course Read Heavy Load 1-105
2026-05-29 17:16:02,368 INFO o.a.j.t.JMeterThread: Thread started: Course Read Heavy Load 1-108
2026-05-29 17:16:02,374 INFO o.a.j.t.JMeterThread: Thread is done: Course Read Heavy Load 1-106
2026-05-29 17:16:02,374 INFO o.a.j.t.JMeterThread: Thread finished: Course Read Heavy Load 1-106
2026-05-29 17:16:02,465 INFO o.a.j.t.JMeterThread: Thread started: Course Read Heavy Load 1-109
2026-05-29 17:16:02,480 INFO o.a.j.t.JMeterThread: Thread is done: Course Read Heavy Load 1-107
2026-05-29 17:16:02,480 INFO o.a.j.t.JMeterThread: Thread finished: Course Read Heavy Load 1-107
2026-05-29 17:16:02,564 INFO o.a.j.t.JMeterThread: Thread started: Course Read Heavy Load 1-110
2026-05-29 17:16:02,587 INFO o.a.j.t.JMeterThread: Thread is done: Course Read Heavy Load 1-108
2026-05-29 17:16:02,587 INFO o.a.j.t.JMeterThread: Thread finished: Course Read Heavy Load 1-108
2026-05-29 17:16:02,669 INFO o.a.j.t.JMeterThread: Thread started: Course Read Heavy Load 1-111
2026-05-29 17:16:02,682 INFO o.a.j.t.JMeterThread: Thread is done: Course Read Heavy Load 1-109
2026-05-29 17:16:02,682 INFO o.a.j.t.JMeterThread: Thread finished: Course Read Heavy Load 1-109
2026-05-29 17:16:02,766 INFO o.a.j.t.JMeterThread: Thread started: Course Read Heavy Load 1-112
2026-05-29 17:16:02,777 INFO o.a.j.t.JMeterThread: Thread is done: Course Read Heavy Load 1-110
2026-05-29 17:16:02,777 INFO o.a.j.t.JMeterThread: Thread finished: Course Read Heavy Load 1-110
2026-05-29 17:16:02,865 INFO o.a.j.t.JMeterThread: Thread started: Course Read Heavy Load 1-113
2026-05-29 17:16:02,884 INFO o.a.j.t.JMeterThread: Thread is done: Course Read Heavy Load 1-111
2026-05-29 17:16:02,884 INFO o.a.j.t.JMeterThread: Thread finished: Course Read Heavy Load 1-111
2026-05-29 17:16:02,965 INFO o.a.j.t.JMeterThread: Thread started: Course Read Heavy Load 1-114
2026-05-29 17:16:02,978 INFO o.a.j.t.JMeterThread: Thread is done: Course Read Heavy Load 1-112
2026-05-29 17:16:02,978 INFO o.a.j.t.JMeterThread: Thread finished: Course Read Heavy Load 1-112
2026-05-29 17:16:03,066 INFO o.a.j.t.JMeterThread: Thread started: Course Read Heavy Load 1-115
2026-05-29 17:16:03,077 INFO o.a.j.t.JMeterThread: Thread is done: Course Read Heavy Load 1-113
2026-05-29 17:16:03,077 INFO o.a.j.t.JMeterThread: Thread finished: Course Read Heavy Load 1-113
2026-05-29 17:16:03,165 INFO o.a.j.t.JMeterThread: Thread started: Course Read Heavy Load 1-116
2026-05-29 17:16:03,173 INFO o.a.j.t.JMeterThread: Thread is done: Course Read Heavy Load 1-114
2026-05-29 17:16:03,173 INFO o.a.j.t.JMeterThread: Thread finished: Course Read Heavy Load 1-114
2026-05-29 17:16:03,265 INFO o.a.j.t.JMeterThread: Thread started: Course Read Heavy Load 1-117
2026-05-29 17:16:03,278 INFO o.a.j.t.JMeterThread: Thread is done: Course Read Heavy Load 1-115
2026-05-29 17:16:03,278 INFO o.a.j.t.JMeterThread: Thread finished: Course Read Heavy Load 1-115
2026-05-29 17:16:03,367 INFO o.a.j.t.JMeterThread: Thread started: Course Read Heavy Load 1-118
2026-05-29 17:16:03,378 INFO o.a.j.t.JMeterThread: Thread is done: Course Read Heavy Load 1-116
2026-05-29 17:16:03,378 INFO o.a.j.t.JMeterThread: Thread finished: Course Read Heavy Load 1-116
2026-05-29 17:16:03,465 INFO o.a.j.t.JMeterThread: Thread started: Course Read Heavy Load 1-119
2026-05-29 17:16:03,480 INFO o.a.j.t.JMeterThread: Thread is done: Course Read Heavy Load 1-117
2026-05-29 17:16:03,480 INFO o.a.j.t.JMeterThread: Thread finished: Course Read Heavy Load 1-117
2026-05-29 17:16:03,565 INFO o.a.j.t.JMeterThread: Thread started: Course Read Heavy Load 1-120
2026-05-29 17:16:03,582 INFO o.a.j.t.JMeterThread: Thread is done: Course Read Heavy Load 1-118
2026-05-29 17:16:03,582 INFO o.a.j.t.JMeterThread: Thread finished: Course Read Heavy Load 1-118
2026-05-29 17:16:03,665 INFO o.a.j.t.JMeterThread: Thread started: Course Read Heavy Load 1-121
2026-05-29 17:16:03,675 INFO o.a.j.t.JMeterThread: Thread is done: Course Read Heavy Load 1-119
2026-05-29 17:16:03,675 INFO o.a.j.t.JMeterThread: Thread finished: Course Read Heavy Load 1-119
2026-05-29 17:16:03,768 INFO o.a.j.t.JMeterThread: Thread started: Course Read Heavy Load 1-122
2026-05-29 17:16:03,777 INFO o.a.j.t.JMeterThread: Thread is done: Course Read Heavy Load 1-120
2026-05-29 17:16:03,777 INFO o.a.j.t.JMeterThread: Thread finished: Course Read Heavy Load 1-120
2026-05-29 17:16:03,865 INFO o.a.j.t.JMeterThread: Thread started: Course Read Heavy Load 1-123
2026-05-29 17:16:03,877 INFO o.a.j.t.JMeterThread: Thread is done: Course Read Heavy Load 1-121
2026-05-29 17:16:03,877 INFO o.a.j.t.JMeterThread: Thread finished: Course Read Heavy Load 1-121
2026-05-29 17:16:03,965 INFO o.a.j.t.JMeterThread: Thread started: Course Read Heavy Load 1-124
2026-05-29 17:16:03,977 INFO o.a.j.t.JMeterThread: Thread is done: Course Read Heavy Load 1-122
2026-05-29 17:16:03,977 INFO o.a.j.t.JMeterThread: Thread finished: Course Read Heavy Load 1-122
2026-05-29 17:16:04,069 INFO o.a.j.t.JMeterThread: Thread is done: Course Read Heavy Load 1-123
2026-05-29 17:16:04,069 INFO o.a.j.t.JMeterThread: Thread finished: Course Read Heavy Load 1-123
2026-05-29 17:16:04,069 INFO o.a.j.t.JMeterThread: Thread started: Course Read Heavy Load 1-125
2026-05-29 17:16:04,168 INFO o.a.j.t.JMeterThread: Thread started: Course Read Heavy Load 1-126
2026-05-29 17:16:04,174 INFO o.a.j.t.JMeterThread: Thread is done: Course Read Heavy Load 1-124
2026-05-29 17:16:04,174 INFO o.a.j.t.JMeterThread: Thread finished: Course Read Heavy Load 1-124
2026-05-29 17:16:04,263 INFO o.a.j.t.JMeterThread: Thread started: Course Read Heavy Load 1-127
2026-05-29 17:16:04,279 INFO o.a.j.t.JMeterThread: Thread is done: Course Read Heavy Load 1-125
2026-05-29 17:16:04,279 INFO o.a.j.t.JMeterThread: Thread finished: Course Read Heavy Load 1-125
2026-05-29 17:16:04,365 INFO o.a.j.t.JMeterThread: Thread started: Course Read Heavy Load 1-128
2026-05-29 17:16:04,375 INFO o.a.j.t.JMeterThread: Thread is done: Course Read Heavy Load 1-126
2026-05-29 17:16:04,375 INFO o.a.j.t.JMeterThread: Thread finished: Course Read Heavy Load 1-126
2026-05-29 17:16:04,468 INFO o.a.j.t.JMeterThread: Thread started: Course Read Heavy Load 1-129
2026-05-29 17:16:04,472 INFO o.a.j.t.JMeterThread: Thread is done: Course Read Heavy Load 1-127
2026-05-29 17:16:04,472 INFO o.a.j.t.JMeterThread: Thread finished: Course Read Heavy Load 1-127
2026-05-29 17:16:04,565 INFO o.a.j.t.JMeterThread: Thread started: Course Read Heavy Load 1-130
2026-05-29 17:16:04,573 INFO o.a.j.t.JMeterThread: Thread is done: Course Read Heavy Load 1-128
2026-05-29 17:16:04,573 INFO o.a.j.t.JMeterThread: Thread finished: Course Read Heavy Load 1-128
2026-05-29 17:16:04,669 INFO o.a.j.t.JMeterThread: Thread started: Course Read Heavy Load 1-131
2026-05-29 17:16:04,677 INFO o.a.j.t.JMeterThread: Thread is done: Course Read Heavy Load 1-129
2026-05-29 17:16:04,677 INFO o.a.j.t.JMeterThread: Thread finished: Course Read Heavy Load 1-129
2026-05-29 17:16:04,766 INFO o.a.j.t.JMeterThread: Thread started: Course Read Heavy Load 1-132
2026-05-29 17:16:04,776 INFO o.a.j.t.JMeterThread: Thread is done: Course Read Heavy Load 1-130
2026-05-29 17:16:04,776 INFO o.a.j.t.JMeterThread: Thread finished: Course Read Heavy Load 1-130
2026-05-29 17:16:04,865 INFO o.a.j.t.JMeterThread: Thread started: Course Read Heavy Load 1-133
2026-05-29 17:16:04,877 INFO o.a.j.t.JMeterThread: Thread is done: Course Read Heavy Load 1-131
2026-05-29 17:16:04,877 INFO o.a.j.t.JMeterThread: Thread finished: Course Read Heavy Load 1-131
2026-05-29 17:16:04,966 INFO o.a.j.t.JMeterThread: Thread started: Course Read Heavy Load 1-134
2026-05-29 17:16:04,979 INFO o.a.j.t.JMeterThread: Thread is done: Course Read Heavy Load 1-132
2026-05-29 17:16:04,979 INFO o.a.j.t.JMeterThread: Thread finished: Course Read Heavy Load 1-132
2026-05-29 17:16:05,065 INFO o.a.j.t.JMeterThread: Thread started: Course Read Heavy Load 1-135
2026-05-29 17:16:05,081 INFO o.a.j.t.JMeterThread: Thread is done: Course Read Heavy Load 1-133
2026-05-29 17:16:05,081 INFO o.a.j.t.JMeterThread: Thread finished: Course Read Heavy Load 1-133
2026-05-29 17:16:05,165 INFO o.a.j.t.JMeterThread: Thread started: Course Read Heavy Load 1-136
2026-05-29 17:16:05,176 INFO o.a.j.t.JMeterThread: Thread is done: Course Read Heavy Load 1-134
2026-05-29 17:16:05,176 INFO o.a.j.t.JMeterThread: Thread finished: Course Read Heavy Load 1-134
2026-05-29 17:16:05,265 INFO o.a.j.t.JMeterThread: Thread started: Course Read Heavy Load 1-137
2026-05-29 17:16:05,279 INFO o.a.j.t.JMeterThread: Thread is done: Course Read Heavy Load 1-135
2026-05-29 17:16:05,279 INFO o.a.j.t.JMeterThread: Thread finished: Course Read Heavy Load 1-135
2026-05-29 17:16:05,367 INFO o.a.j.t.JMeterThread: Thread is done: Course Read Heavy Load 1-136
2026-05-29 17:16:05,367 INFO o.a.j.t.JMeterThread: Thread finished: Course Read Heavy Load 1-136
2026-05-29 17:16:05,367 INFO o.a.j.t.JMeterThread: Thread started: Course Read Heavy Load 1-138
2026-05-29 17:16:05,465 INFO o.a.j.t.JMeterThread: Thread started: Course Read Heavy Load 1-139
2026-05-29 17:16:05,468 INFO o.a.j.t.JMeterThread: Thread is done: Course Read Heavy Load 1-137
2026-05-29 17:16:05,468 INFO o.a.j.t.JMeterThread: Thread finished: Course Read Heavy Load 1-137
2026-05-29 17:16:05,568 INFO o.a.j.t.JMeterThread: Thread started: Course Read Heavy Load 1-140
2026-05-29 17:16:05,578 INFO o.a.j.t.JMeterThread: Thread is done: Course Read Heavy Load 1-138
2026-05-29 17:16:05,578 INFO o.a.j.t.JMeterThread: Thread finished: Course Read Heavy Load 1-138
2026-05-29 17:16:05,667 INFO o.a.j.t.JMeterThread: Thread started: Course Read Heavy Load 1-141
2026-05-29 17:16:05,678 INFO o.a.j.t.JMeterThread: Thread is done: Course Read Heavy Load 1-139
2026-05-29 17:16:05,678 INFO o.a.j.t.JMeterThread: Thread finished: Course Read Heavy Load 1-139
2026-05-29 17:16:05,765 INFO o.a.j.t.JMeterThread: Thread started: Course Read Heavy Load 1-142
2026-05-29 17:16:05,778 INFO o.a.j.t.JMeterThread: Thread is done: Course Read Heavy Load 1-140
2026-05-29 17:16:05,778 INFO o.a.j.t.JMeterThread: Thread finished: Course Read Heavy Load 1-140
2026-05-29 17:16:05,869 INFO o.a.j.t.JMeterThread: Thread started: Course Read Heavy Load 1-143
2026-05-29 17:16:05,876 INFO o.a.j.t.JMeterThread: Thread is done: Course Read Heavy Load 1-141
2026-05-29 17:16:05,877 INFO o.a.j.t.JMeterThread: Thread finished: Course Read Heavy Load 1-141
2026-05-29 17:16:05,965 INFO o.a.j.t.JMeterThread: Thread started: Course Read Heavy Load 1-144
2026-05-29 17:16:05,975 INFO o.a.j.t.JMeterThread: Thread is done: Course Read Heavy Load 1-142
2026-05-29 17:16:05,975 INFO o.a.j.t.JMeterThread: Thread finished: Course Read Heavy Load 1-142
2026-05-29 17:16:06,068 INFO o.a.j.t.JMeterThread: Thread started: Course Read Heavy Load 1-145
2026-05-29 17:16:06,079 INFO o.a.j.t.JMeterThread: Thread is done: Course Read Heavy Load 1-143
2026-05-29 17:16:06,079 INFO o.a.j.t.JMeterThread: Thread finished: Course Read Heavy Load 1-143
2026-05-29 17:16:06,165 INFO o.a.j.t.JMeterThread: Thread started: Course Read Heavy Load 1-146
2026-05-29 17:16:06,175 INFO o.a.j.t.JMeterThread: Thread is done: Course Read Heavy Load 1-144
2026-05-29 17:16:06,175 INFO o.a.j.t.JMeterThread: Thread finished: Course Read Heavy Load 1-144
2026-05-29 17:16:06,265 INFO o.a.j.t.JMeterThread: Thread started: Course Read Heavy Load 1-147
2026-05-29 17:16:06,279 INFO o.a.j.t.JMeterThread: Thread is done: Course Read Heavy Load 1-145
2026-05-29 17:16:06,279 INFO o.a.j.t.JMeterThread: Thread finished: Course Read Heavy Load 1-145
2026-05-29 17:16:06,368 INFO o.a.j.t.JMeterThread: Thread started: Course Read Heavy Load 1-148
2026-05-29 17:16:06,374 INFO o.a.j.t.JMeterThread: Thread is done: Course Read Heavy Load 1-146
2026-05-29 17:16:06,374 INFO o.a.j.t.JMeterThread: Thread finished: Course Read Heavy Load 1-146
2026-05-29 17:16:06,470 INFO o.a.j.t.JMeterThread: Thread started: Course Read Heavy Load 1-149
2026-05-29 17:16:06,475 INFO o.a.j.t.JMeterThread: Thread is done: Course Read Heavy Load 1-147
2026-05-29 17:16:06,475 INFO o.a.j.t.JMeterThread: Thread finished: Course Read Heavy Load 1-147
2026-05-29 17:16:06,570 INFO o.a.j.t.JMeterThread: Thread started: Course Read Heavy Load 1-150
2026-05-29 17:16:06,574 INFO o.a.j.t.JMeterThread: Thread is done: Course Read Heavy Load 1-148
2026-05-29 17:16:06,574 INFO o.a.j.t.JMeterThread: Thread finished: Course Read Heavy Load 1-148
2026-05-29 17:16:06,665 INFO o.a.j.t.JMeterThread: Thread started: Course Read Heavy Load 1-151
2026-05-29 17:16:06,679 INFO o.a.j.t.JMeterThread: Thread is done: Course Read Heavy Load 1-149
2026-05-29 17:16:06,679 INFO o.a.j.t.JMeterThread: Thread finished: Course Read Heavy Load 1-149
2026-05-29 17:16:06,765 INFO o.a.j.t.JMeterThread: Thread started: Course Read Heavy Load 1-152
2026-05-29 17:16:06,779 INFO o.a.j.t.JMeterThread: Thread is done: Course Read Heavy Load 1-150
2026-05-29 17:16:06,779 INFO o.a.j.t.JMeterThread: Thread finished: Course Read Heavy Load 1-150
2026-05-29 17:16:06,868 INFO o.a.j.t.JMeterThread: Thread started: Course Read Heavy Load 1-153
2026-05-29 17:16:06,871 INFO o.a.j.t.JMeterThread: Thread is done: Course Read Heavy Load 1-151
2026-05-29 17:16:06,871 INFO o.a.j.t.JMeterThread: Thread finished: Course Read Heavy Load 1-151
2026-05-29 17:16:06,967 INFO o.a.j.t.JMeterThread: Thread started: Course Read Heavy Load 1-154
2026-05-29 17:16:06,976 INFO o.a.j.t.JMeterThread: Thread is done: Course Read Heavy Load 1-152
2026-05-29 17:16:06,976 INFO o.a.j.t.JMeterThread: Thread finished: Course Read Heavy Load 1-152
2026-05-29 17:16:07,063 INFO o.a.j.t.JMeterThread: Thread started: Course Read Heavy Load 1-155
2026-05-29 17:16:07,080 INFO o.a.j.t.JMeterThread: Thread is done: Course Read Heavy Load 1-153
2026-05-29 17:16:07,080 INFO o.a.j.t.JMeterThread: Thread finished: Course Read Heavy Load 1-153
2026-05-29 17:16:07,167 INFO o.a.j.t.JMeterThread: Thread started: Course Read Heavy Load 1-156
2026-05-29 17:16:07,177 INFO o.a.j.t.JMeterThread: Thread is done: Course Read Heavy Load 1-154
2026-05-29 17:16:07,177 INFO o.a.j.t.JMeterThread: Thread finished: Course Read Heavy Load 1-154
2026-05-29 17:16:07,268 INFO o.a.j.t.JMeterThread: Thread started: Course Read Heavy Load 1-157
2026-05-29 17:16:07,269 INFO o.a.j.t.JMeterThread: Thread is done: Course Read Heavy Load 1-155
2026-05-29 17:16:07,269 INFO o.a.j.t.JMeterThread: Thread finished: Course Read Heavy Load 1-155
2026-05-29 17:16:07,364 INFO o.a.j.t.JMeterThread: Thread started: Course Read Heavy Load 1-158
2026-05-29 17:16:07,378 INFO o.a.j.t.JMeterThread: Thread is done: Course Read Heavy Load 1-156
2026-05-29 17:16:07,378 INFO o.a.j.t.JMeterThread: Thread finished: Course Read Heavy Load 1-156
2026-05-29 17:16:07,463 INFO o.a.j.t.JMeterThread: Thread started: Course Read Heavy Load 1-159
2026-05-29 17:16:07,478 INFO o.a.j.t.JMeterThread: Thread is done: Course Read Heavy Load 1-157
2026-05-29 17:16:07,478 INFO o.a.j.t.JMeterThread: Thread finished: Course Read Heavy Load 1-157
2026-05-29 17:16:07,568 INFO o.a.j.t.JMeterThread: Thread started: Course Read Heavy Load 1-160
2026-05-29 17:16:07,576 INFO o.a.j.t.JMeterThread: Thread is done: Course Read Heavy Load 1-158
2026-05-29 17:16:07,576 INFO o.a.j.t.JMeterThread: Thread finished: Course Read Heavy Load 1-158
2026-05-29 17:16:07,665 INFO o.a.j.t.JMeterThread: Thread started: Course Read Heavy Load 1-161
2026-05-29 17:16:07,675 INFO o.a.j.t.JMeterThread: Thread is done: Course Read Heavy Load 1-159
2026-05-29 17:16:07,675 INFO o.a.j.t.JMeterThread: Thread finished: Course Read Heavy Load 1-159
2026-05-29 17:16:07,764 INFO o.a.j.t.JMeterThread: Thread started: Course Read Heavy Load 1-162
2026-05-29 17:16:07,781 INFO o.a.j.t.JMeterThread: Thread is done: Course Read Heavy Load 1-160
2026-05-29 17:16:07,781 INFO o.a.j.t.JMeterThread: Thread finished: Course Read Heavy Load 1-160
2026-05-29 17:16:07,863 INFO o.a.j.t.JMeterThread: Thread started: Course Read Heavy Load 1-163
2026-05-29 17:16:07,875 INFO o.a.j.t.JMeterThread: Thread is done: Course Read Heavy Load 1-161
2026-05-29 17:16:07,875 INFO o.a.j.t.JMeterThread: Thread finished: Course Read Heavy Load 1-161
2026-05-29 17:16:07,968 INFO o.a.j.t.JMeterThread: Thread started: Course Read Heavy Load 1-164
2026-05-29 17:16:07,975 INFO o.a.j.t.JMeterThread: Thread is done: Course Read Heavy Load 1-162
2026-05-29 17:16:07,975 INFO o.a.j.t.JMeterThread: Thread finished: Course Read Heavy Load 1-162
2026-05-29 17:16:08,068 INFO o.a.j.t.JMeterThread: Thread started: Course Read Heavy Load 1-165
2026-05-29 17:16:08,071 INFO o.a.j.t.JMeterThread: Thread is done: Course Read Heavy Load 1-163
2026-05-29 17:16:08,071 INFO o.a.j.t.JMeterThread: Thread finished: Course Read Heavy Load 1-163
2026-05-29 17:16:08,165 INFO o.a.j.t.JMeterThread: Thread started: Course Read Heavy Load 1-166
2026-05-29 17:16:08,171 INFO o.a.j.t.JMeterThread: Thread is done: Course Read Heavy Load 1-164
2026-05-29 17:16:08,171 INFO o.a.j.t.JMeterThread: Thread finished: Course Read Heavy Load 1-164
2026-05-29 17:16:08,265 INFO o.a.j.t.JMeterThread: Thread started: Course Read Heavy Load 1-167
2026-05-29 17:16:08,275 INFO o.a.j.t.JMeterThread: Thread is done: Course Read Heavy Load 1-165
2026-05-29 17:16:08,275 INFO o.a.j.t.JMeterThread: Thread finished: Course Read Heavy Load 1-165
2026-05-29 17:16:08,368 INFO o.a.j.t.JMeterThread: Thread started: Course Read Heavy Load 1-168
2026-05-29 17:16:08,375 INFO o.a.j.t.JMeterThread: Thread is done: Course Read Heavy Load 1-166
2026-05-29 17:16:08,375 INFO o.a.j.t.JMeterThread: Thread finished: Course Read Heavy Load 1-166
2026-05-29 17:16:08,464 INFO o.a.j.t.JMeterThread: Thread started: Course Read Heavy Load 1-169
2026-05-29 17:16:08,474 INFO o.a.j.t.JMeterThread: Thread is done: Course Read Heavy Load 1-167
2026-05-29 17:16:08,474 INFO o.a.j.t.JMeterThread: Thread finished: Course Read Heavy Load 1-167
2026-05-29 17:16:08,566 INFO o.a.j.t.JMeterThread: Thread started: Course Read Heavy Load 1-170
2026-05-29 17:16:08,579 INFO o.a.j.t.JMeterThread: Thread is done: Course Read Heavy Load 1-168
2026-05-29 17:16:08,579 INFO o.a.j.t.JMeterThread: Thread finished: Course Read Heavy Load 1-168
2026-05-29 17:16:08,665 INFO o.a.j.t.JMeterThread: Thread started: Course Read Heavy Load 1-171
2026-05-29 17:16:08,672 INFO o.a.j.t.JMeterThread: Thread is done: Course Read Heavy Load 1-169
2026-05-29 17:16:08,672 INFO o.a.j.t.JMeterThread: Thread finished: Course Read Heavy Load 1-169
2026-05-29 17:16:08,766 INFO o.a.j.t.JMeterThread: Thread started: Course Read Heavy Load 1-172
2026-05-29 17:16:08,775 INFO o.a.j.t.JMeterThread: Thread is done: Course Read Heavy Load 1-170
2026-05-29 17:16:08,776 INFO o.a.j.t.JMeterThread: Thread finished: Course Read Heavy Load 1-170
2026-05-29 17:16:08,868 INFO o.a.j.t.JMeterThread: Thread started: Course Read Heavy Load 1-173
2026-05-29 17:16:08,870 INFO o.a.j.t.JMeterThread: Thread is done: Course Read Heavy Load 1-171
2026-05-29 17:16:08,870 INFO o.a.j.t.JMeterThread: Thread finished: Course Read Heavy Load 1-171
2026-05-29 17:16:08,966 INFO o.a.j.t.JMeterThread: Thread started: Course Read Heavy Load 1-174
2026-05-29 17:16:08,970 INFO o.a.j.t.JMeterThread: Thread is done: Course Read Heavy Load 1-172
2026-05-29 17:16:08,970 INFO o.a.j.t.JMeterThread: Thread finished: Course Read Heavy Load 1-172
2026-05-29 17:16:09,065 INFO o.a.j.t.JMeterThread: Thread started: Course Read Heavy Load 1-175
2026-05-29 17:16:09,075 INFO o.a.j.t.JMeterThread: Thread is done: Course Read Heavy Load 1-173
2026-05-29 17:16:09,075 INFO o.a.j.t.JMeterThread: Thread finished: Course Read Heavy Load 1-173
2026-05-29 17:16:09,165 INFO o.a.j.t.JMeterThread: Thread started: Course Read Heavy Load 1-176
2026-05-29 17:16:09,177 INFO o.a.j.t.JMeterThread: Thread is done: Course Read Heavy Load 1-174
2026-05-29 17:16:09,178 INFO o.a.j.t.JMeterThread: Thread finished: Course Read Heavy Load 1-174
2026-05-29 17:16:09,265 INFO o.a.j.t.JMeterThread: Thread started: Course Read Heavy Load 1-177
2026-05-29 17:16:09,277 INFO o.a.j.t.JMeterThread: Thread is done: Course Read Heavy Load 1-175
2026-05-29 17:16:09,278 INFO o.a.j.t.JMeterThread: Thread finished: Course Read Heavy Load 1-175
2026-05-29 17:16:09,368 INFO o.a.j.t.JMeterThread: Thread started: Course Read Heavy Load 1-178
2026-05-29 17:16:09,373 INFO o.a.j.t.JMeterThread: Thread is done: Course Read Heavy Load 1-176
2026-05-29 17:16:09,373 INFO o.a.j.t.JMeterThread: Thread finished: Course Read Heavy Load 1-176
2026-05-29 17:16:09,468 INFO o.a.j.t.JMeterThread: Thread started: Course Read Heavy Load 1-179
2026-05-29 17:16:09,471 INFO o.a.j.t.JMeterThread: Thread is done: Course Read Heavy Load 1-177
2026-05-29 17:16:09,472 INFO o.a.j.t.JMeterThread: Thread finished: Course Read Heavy Load 1-177
2026-05-29 17:16:09,564 INFO o.a.j.t.JMeterThread: Thread started: Course Read Heavy Load 1-180
2026-05-29 17:16:09,572 INFO o.a.j.t.JMeterThread: Thread is done: Course Read Heavy Load 1-178
2026-05-29 17:16:09,572 INFO o.a.j.t.JMeterThread: Thread finished: Course Read Heavy Load 1-178
2026-05-29 17:16:09,669 INFO o.a.j.t.JMeterThread: Thread started: Course Read Heavy Load 1-181
2026-05-29 17:16:09,675 INFO o.a.j.t.JMeterThread: Thread is done: Course Read Heavy Load 1-179
2026-05-29 17:16:09,675 INFO o.a.j.t.JMeterThread: Thread finished: Course Read Heavy Load 1-179
2026-05-29 17:16:09,769 INFO o.a.j.t.JMeterThread: Thread started: Course Read Heavy Load 1-182
2026-05-29 17:16:09,776 INFO o.a.j.t.JMeterThread: Thread is done: Course Read Heavy Load 1-180
2026-05-29 17:16:09,776 INFO o.a.j.t.JMeterThread: Thread finished: Course Read Heavy Load 1-180
2026-05-29 17:16:09,867 INFO o.a.j.t.JMeterThread: Thread started: Course Read Heavy Load 1-183
2026-05-29 17:16:09,884 INFO o.a.j.t.JMeterThread: Thread is done: Course Read Heavy Load 1-181
2026-05-29 17:16:09,884 INFO o.a.j.t.JMeterThread: Thread finished: Course Read Heavy Load 1-181
2026-05-29 17:16:09,968 INFO o.a.j.t.JMeterThread: Thread started: Course Read Heavy Load 1-184
2026-05-29 17:16:09,978 INFO o.a.j.t.JMeterThread: Thread is done: Course Read Heavy Load 1-182
2026-05-29 17:16:09,978 INFO o.a.j.t.JMeterThread: Thread finished: Course Read Heavy Load 1-182
2026-05-29 17:16:10,064 INFO o.a.j.t.JMeterThread: Thread started: Course Read Heavy Load 1-185
2026-05-29 17:16:10,077 INFO o.a.j.t.JMeterThread: Thread is done: Course Read Heavy Load 1-183
2026-05-29 17:16:10,077 INFO o.a.j.t.JMeterThread: Thread finished: Course Read Heavy Load 1-183
2026-05-29 17:16:10,165 INFO o.a.j.t.JMeterThread: Thread started: Course Read Heavy Load 1-186
2026-05-29 17:16:10,177 INFO o.a.j.t.JMeterThread: Thread is done: Course Read Heavy Load 1-184
2026-05-29 17:16:10,177 INFO o.a.j.t.JMeterThread: Thread finished: Course Read Heavy Load 1-184
2026-05-29 17:16:10,267 INFO o.a.j.t.JMeterThread: Thread started: Course Read Heavy Load 1-187
2026-05-29 17:16:10,274 INFO o.a.j.t.JMeterThread: Thread is done: Course Read Heavy Load 1-185
2026-05-29 17:16:10,274 INFO o.a.j.t.JMeterThread: Thread finished: Course Read Heavy Load 1-185
2026-05-29 17:16:10,365 INFO o.a.j.t.JMeterThread: Thread started: Course Read Heavy Load 1-188
2026-05-29 17:16:10,372 INFO o.a.j.t.JMeterThread: Thread is done: Course Read Heavy Load 1-186
2026-05-29 17:16:10,372 INFO o.a.j.t.JMeterThread: Thread finished: Course Read Heavy Load 1-186
2026-05-29 17:16:10,465 INFO o.a.j.t.JMeterThread: Thread started: Course Read Heavy Load 1-189
2026-05-29 17:16:10,477 INFO o.a.j.t.JMeterThread: Thread is done: Course Read Heavy Load 1-187
2026-05-29 17:16:10,477 INFO o.a.j.t.JMeterThread: Thread finished: Course Read Heavy Load 1-187
2026-05-29 17:16:10,566 INFO o.a.j.t.JMeterThread: Thread started: Course Read Heavy Load 1-190
2026-05-29 17:16:10,577 INFO o.a.j.t.JMeterThread: Thread is done: Course Read Heavy Load 1-188
2026-05-29 17:16:10,578 INFO o.a.j.t.JMeterThread: Thread finished: Course Read Heavy Load 1-188
2026-05-29 17:16:10,665 INFO o.a.j.t.JMeterThread: Thread started: Course Read Heavy Load 1-191
2026-05-29 17:16:10,677 INFO o.a.j.t.JMeterThread: Thread is done: Course Read Heavy Load 1-189
2026-05-29 17:16:10,677 INFO o.a.j.t.JMeterThread: Thread finished: Course Read Heavy Load 1-189
2026-05-29 17:16:10,766 INFO o.a.j.t.JMeterThread: Thread started: Course Read Heavy Load 1-192
2026-05-29 17:16:10,776 INFO o.a.j.t.JMeterThread: Thread is done: Course Read Heavy Load 1-190
2026-05-29 17:16:10,776 INFO o.a.j.t.JMeterThread: Thread finished: Course Read Heavy Load 1-190
2026-05-29 17:16:10,868 INFO o.a.j.t.JMeterThread: Thread started: Course Read Heavy Load 1-193
2026-05-29 17:16:10,876 INFO o.a.j.t.JMeterThread: Thread is done: Course Read Heavy Load 1-191
2026-05-29 17:16:10,876 INFO o.a.j.t.JMeterThread: Thread finished: Course Read Heavy Load 1-191
2026-05-29 17:16:10,965 INFO o.a.j.t.JMeterThread: Thread started: Course Read Heavy Load 1-194
2026-05-29 17:16:10,978 INFO o.a.j.t.JMeterThread: Thread is done: Course Read Heavy Load 1-192
2026-05-29 17:16:10,978 INFO o.a.j.t.JMeterThread: Thread finished: Course Read Heavy Load 1-192
2026-05-29 17:16:11,068 INFO o.a.j.t.JMeterThread: Thread started: Course Read Heavy Load 1-195
2026-05-29 17:16:11,077 INFO o.a.j.t.JMeterThread: Thread is done: Course Read Heavy Load 1-193
2026-05-29 17:16:11,078 INFO o.a.j.t.JMeterThread: Thread finished: Course Read Heavy Load 1-193
2026-05-29 17:16:11,166 INFO o.a.j.t.JMeterThread: Thread started: Course Read Heavy Load 1-196
2026-05-29 17:16:11,173 INFO o.a.j.t.JMeterThread: Thread is done: Course Read Heavy Load 1-194
2026-05-29 17:16:11,173 INFO o.a.j.t.JMeterThread: Thread finished: Course Read Heavy Load 1-194
2026-05-29 17:16:11,265 INFO o.a.j.t.JMeterThread: Thread started: Course Read Heavy Load 1-197
2026-05-29 17:16:11,278 INFO o.a.j.t.JMeterThread: Thread is done: Course Read Heavy Load 1-195
2026-05-29 17:16:11,278 INFO o.a.j.t.JMeterThread: Thread finished: Course Read Heavy Load 1-195
2026-05-29 17:16:11,365 INFO o.a.j.t.JMeterThread: Thread started: Course Read Heavy Load 1-198
2026-05-29 17:16:11,377 INFO o.a.j.t.JMeterThread: Thread is done: Course Read Heavy Load 1-196
2026-05-29 17:16:11,377 INFO o.a.j.t.JMeterThread: Thread finished: Course Read Heavy Load 1-196
2026-05-29 17:16:11,465 INFO o.a.j.t.JMeterThread: Thread started: Course Read Heavy Load 1-199
2026-05-29 17:16:11,478 INFO o.a.j.t.JMeterThread: Thread is done: Course Read Heavy Load 1-197
2026-05-29 17:16:11,478 INFO o.a.j.t.JMeterThread: Thread finished: Course Read Heavy Load 1-197
2026-05-29 17:16:11,569 INFO o.a.j.t.JMeterThread: Thread started: Course Read Heavy Load 1-200
2026-05-29 17:16:11,577 INFO o.a.j.t.JMeterThread: Thread is done: Course Read Heavy Load 1-198
2026-05-29 17:16:11,577 INFO o.a.j.t.JMeterThread: Thread finished: Course Read Heavy Load 1-198
2026-05-29 17:16:11,664 INFO o.a.j.t.JMeterThread: Thread started: Course Read Heavy Load 1-201
2026-05-29 17:16:11,676 INFO o.a.j.t.JMeterThread: Thread is done: Course Read Heavy Load 1-199
2026-05-29 17:16:11,676 INFO o.a.j.t.JMeterThread: Thread finished: Course Read Heavy Load 1-199
2026-05-29 17:16:11,766 INFO o.a.j.t.JMeterThread: Thread started: Course Read Heavy Load 1-202
2026-05-29 17:16:11,775 INFO o.a.j.t.JMeterThread: Thread is done: Course Read Heavy Load 1-200
2026-05-29 17:16:11,775 INFO o.a.j.t.JMeterThread: Thread finished: Course Read Heavy Load 1-200
2026-05-29 17:16:11,864 INFO o.a.j.t.JMeterThread: Thread started: Course Read Heavy Load 1-203
2026-05-29 17:16:11,871 INFO o.a.j.t.JMeterThread: Thread is done: Course Read Heavy Load 1-201
2026-05-29 17:16:11,871 INFO o.a.j.t.JMeterThread: Thread finished: Course Read Heavy Load 1-201
2026-05-29 17:16:11,965 INFO o.a.j.t.JMeterThread: Thread started: Course Read Heavy Load 1-204
2026-05-29 17:16:11,975 INFO o.a.j.t.JMeterThread: Thread is done: Course Read Heavy Load 1-202
2026-05-29 17:16:11,975 INFO o.a.j.t.JMeterThread: Thread finished: Course Read Heavy Load 1-202
2026-05-29 17:16:12,069 INFO o.a.j.t.JMeterThread: Thread started: Course Read Heavy Load 1-205
2026-05-29 17:16:12,070 INFO o.a.j.t.JMeterThread: Thread is done: Course Read Heavy Load 1-203
2026-05-29 17:16:12,070 INFO o.a.j.t.JMeterThread: Thread finished: Course Read Heavy Load 1-203
2026-05-29 17:16:12,168 INFO o.a.j.t.JMeterThread: Thread started: Course Read Heavy Load 1-206
2026-05-29 17:16:12,171 INFO o.a.j.t.JMeterThread: Thread is done: Course Read Heavy Load 1-204
2026-05-29 17:16:12,171 INFO o.a.j.t.JMeterThread: Thread finished: Course Read Heavy Load 1-204
2026-05-29 17:16:12,266 INFO o.a.j.t.JMeterThread: Thread started: Course Read Heavy Load 1-207
2026-05-29 17:16:12,273 INFO o.a.j.t.JMeterThread: Thread is done: Course Read Heavy Load 1-205
2026-05-29 17:16:12,273 INFO o.a.j.t.JMeterThread: Thread finished: Course Read Heavy Load 1-205
2026-05-29 17:16:12,363 INFO o.a.j.t.JMeterThread: Thread started: Course Read Heavy Load 1-208
2026-05-29 17:16:12,377 INFO o.a.j.t.JMeterThread: Thread is done: Course Read Heavy Load 1-206
2026-05-29 17:16:12,377 INFO o.a.j.t.JMeterThread: Thread finished: Course Read Heavy Load 1-206
2026-05-29 17:16:12,469 INFO o.a.j.t.JMeterThread: Thread started: Course Read Heavy Load 1-209
2026-05-29 17:16:12,481 INFO o.a.j.t.JMeterThread: Thread is done: Course Read Heavy Load 1-207
2026-05-29 17:16:12,481 INFO o.a.j.t.JMeterThread: Thread finished: Course Read Heavy Load 1-207
2026-05-29 17:16:12,565 INFO o.a.j.t.JMeterThread: Thread started: Course Read Heavy Load 1-210
2026-05-29 17:16:12,585 INFO o.a.j.t.JMeterThread: Thread is done: Course Read Heavy Load 1-208
2026-05-29 17:16:12,585 INFO o.a.j.t.JMeterThread: Thread finished: Course Read Heavy Load 1-208
2026-05-29 17:16:12,665 INFO o.a.j.t.JMeterThread: Thread started: Course Read Heavy Load 1-211
2026-05-29 17:16:12,689 INFO o.a.j.t.JMeterThread: Thread is done: Course Read Heavy Load 1-209
2026-05-29 17:16:12,689 INFO o.a.j.t.JMeterThread: Thread finished: Course Read Heavy Load 1-209
2026-05-29 17:16:12,767 INFO o.a.j.t.JMeterThread: Thread started: Course Read Heavy Load 1-212
2026-05-29 17:16:12,772 INFO o.a.j.t.JMeterThread: Thread is done: Course Read Heavy Load 1-210
2026-05-29 17:16:12,772 INFO o.a.j.t.JMeterThread: Thread finished: Course Read Heavy Load 1-210
2026-05-29 17:16:12,865 INFO o.a.j.t.JMeterThread: Thread started: Course Read Heavy Load 1-213
2026-05-29 17:16:12,875 INFO o.a.j.t.JMeterThread: Thread is done: Course Read Heavy Load 1-211
2026-05-29 17:16:12,875 INFO o.a.j.t.JMeterThread: Thread finished: Course Read Heavy Load 1-211
2026-05-29 17:16:12,968 INFO o.a.j.t.JMeterThread: Thread started: Course Read Heavy Load 1-214
2026-05-29 17:16:12,977 INFO o.a.j.t.JMeterThread: Thread is done: Course Read Heavy Load 1-212
2026-05-29 17:16:12,977 INFO o.a.j.t.JMeterThread: Thread finished: Course Read Heavy Load 1-212
2026-05-29 17:16:13,068 INFO o.a.j.t.JMeterThread: Thread started: Course Read Heavy Load 1-215
2026-05-29 17:16:13,075 INFO o.a.j.t.JMeterThread: Thread is done: Course Read Heavy Load 1-213
2026-05-29 17:16:13,075 INFO o.a.j.t.JMeterThread: Thread finished: Course Read Heavy Load 1-213
2026-05-29 17:16:13,165 INFO o.a.j.t.JMeterThread: Thread started: Course Read Heavy Load 1-216
2026-05-29 17:16:13,177 INFO o.a.j.t.JMeterThread: Thread is done: Course Read Heavy Load 1-214
2026-05-29 17:16:13,178 INFO o.a.j.t.JMeterThread: Thread finished: Course Read Heavy Load 1-214
2026-05-29 17:16:13,265 INFO o.a.j.t.JMeterThread: Thread started: Course Read Heavy Load 1-217
2026-05-29 17:16:13,275 INFO o.a.j.t.JMeterThread: Thread is done: Course Read Heavy Load 1-215
2026-05-29 17:16:13,275 INFO o.a.j.t.JMeterThread: Thread finished: Course Read Heavy Load 1-215
2026-05-29 17:16:13,368 INFO o.a.j.t.JMeterThread: Thread started: Course Read Heavy Load 1-218
2026-05-29 17:16:13,374 INFO o.a.j.t.JMeterThread: Thread is done: Course Read Heavy Load 1-216
2026-05-29 17:16:13,374 INFO o.a.j.t.JMeterThread: Thread finished: Course Read Heavy Load 1-216
2026-05-29 17:16:13,468 INFO o.a.j.t.JMeterThread: Thread started: Course Read Heavy Load 1-219
2026-05-29 17:16:13,473 INFO o.a.j.t.JMeterThread: Thread is done: Course Read Heavy Load 1-217
2026-05-29 17:16:13,473 INFO o.a.j.t.JMeterThread: Thread finished: Course Read Heavy Load 1-217
2026-05-29 17:16:13,565 INFO o.a.j.t.JMeterThread: Thread started: Course Read Heavy Load 1-220
2026-05-29 17:16:13,576 INFO o.a.j.t.JMeterThread: Thread is done: Course Read Heavy Load 1-218
2026-05-29 17:16:13,576 INFO o.a.j.t.JMeterThread: Thread finished: Course Read Heavy Load 1-218
2026-05-29 17:16:13,667 INFO o.a.j.t.JMeterThread: Thread started: Course Read Heavy Load 1-221
2026-05-29 17:16:13,676 INFO o.a.j.t.JMeterThread: Thread is done: Course Read Heavy Load 1-219
2026-05-29 17:16:13,676 INFO o.a.j.t.JMeterThread: Thread finished: Course Read Heavy Load 1-219
2026-05-29 17:16:13,763 INFO o.a.j.t.JMeterThread: Thread started: Course Read Heavy Load 1-222
2026-05-29 17:16:13,773 INFO o.a.j.t.JMeterThread: Thread is done: Course Read Heavy Load 1-220
2026-05-29 17:16:13,773 INFO o.a.j.t.JMeterThread: Thread finished: Course Read Heavy Load 1-220
2026-05-29 17:16:13,868 INFO o.a.j.t.JMeterThread: Thread started: Course Read Heavy Load 1-223
2026-05-29 17:16:13,878 INFO o.a.j.t.JMeterThread: Thread is done: Course Read Heavy Load 1-221
2026-05-29 17:16:13,878 INFO o.a.j.t.JMeterThread: Thread finished: Course Read Heavy Load 1-221
2026-05-29 17:16:13,967 INFO o.a.j.t.JMeterThread: Thread started: Course Read Heavy Load 1-224
2026-05-29 17:16:13,973 INFO o.a.j.t.JMeterThread: Thread is done: Course Read Heavy Load 1-222
2026-05-29 17:16:13,973 INFO o.a.j.t.JMeterThread: Thread finished: Course Read Heavy Load 1-222
2026-05-29 17:16:14,065 INFO o.a.j.t.JMeterThread: Thread started: Course Read Heavy Load 1-225
2026-05-29 17:16:14,079 INFO o.a.j.t.JMeterThread: Thread is done: Course Read Heavy Load 1-223
2026-05-29 17:16:14,079 INFO o.a.j.t.JMeterThread: Thread finished: Course Read Heavy Load 1-223
2026-05-29 17:16:14,165 INFO o.a.j.t.JMeterThread: Thread started: Course Read Heavy Load 1-226
2026-05-29 17:16:14,177 INFO o.a.j.t.JMeterThread: Thread is done: Course Read Heavy Load 1-224
2026-05-29 17:16:14,177 INFO o.a.j.t.JMeterThread: Thread finished: Course Read Heavy Load 1-224
2026-05-29 17:16:14,264 INFO o.a.j.t.JMeterThread: Thread started: Course Read Heavy Load 1-227
2026-05-29 17:16:14,276 INFO o.a.j.t.JMeterThread: Thread is done: Course Read Heavy Load 1-225
2026-05-29 17:16:14,276 INFO o.a.j.t.JMeterThread: Thread finished: Course Read Heavy Load 1-225
2026-05-29 17:16:14,365 INFO o.a.j.t.JMeterThread: Thread started: Course Read Heavy Load 1-228
2026-05-29 17:16:14,374 INFO o.a.j.t.JMeterThread: Thread is done: Course Read Heavy Load 1-226
2026-05-29 17:16:14,374 INFO o.a.j.t.JMeterThread: Thread finished: Course Read Heavy Load 1-226
2026-05-29 17:16:14,465 INFO o.a.j.t.JMeterThread: Thread started: Course Read Heavy Load 1-229
2026-05-29 17:16:14,473 INFO o.a.j.t.JMeterThread: Thread is done: Course Read Heavy Load 1-227
2026-05-29 17:16:14,474 INFO o.a.j.t.JMeterThread: Thread finished: Course Read Heavy Load 1-227
2026-05-29 17:16:14,565 INFO o.a.j.t.JMeterThread: Thread started: Course Read Heavy Load 1-230
2026-05-29 17:16:14,577 INFO o.a.j.t.JMeterThread: Thread is done: Course Read Heavy Load 1-228
2026-05-29 17:16:14,577 INFO o.a.j.t.JMeterThread: Thread finished: Course Read Heavy Load 1-228
2026-05-29 17:16:14,665 INFO o.a.j.t.JMeterThread: Thread started: Course Read Heavy Load 1-231
2026-05-29 17:16:14,675 INFO o.a.j.t.JMeterThread: Thread is done: Course Read Heavy Load 1-229
2026-05-29 17:16:14,675 INFO o.a.j.t.JMeterThread: Thread finished: Course Read Heavy Load 1-229
2026-05-29 17:16:14,765 INFO o.a.j.t.JMeterThread: Thread started: Course Read Heavy Load 1-232
2026-05-29 17:16:14,774 INFO o.a.j.t.JMeterThread: Thread is done: Course Read Heavy Load 1-230
2026-05-29 17:16:14,774 INFO o.a.j.t.JMeterThread: Thread finished: Course Read Heavy Load 1-230
2026-05-29 17:16:14,865 INFO o.a.j.t.JMeterThread: Thread started: Course Read Heavy Load 1-233
2026-05-29 17:16:14,871 INFO o.a.j.t.JMeterThread: Thread is done: Course Read Heavy Load 1-231
2026-05-29 17:16:14,871 INFO o.a.j.t.JMeterThread: Thread finished: Course Read Heavy Load 1-231
2026-05-29 17:16:14,969 INFO o.a.j.t.JMeterThread: Thread started: Course Read Heavy Load 1-234
2026-05-29 17:16:14,974 INFO o.a.j.t.JMeterThread: Thread is done: Course Read Heavy Load 1-232
2026-05-29 17:16:14,974 INFO o.a.j.t.JMeterThread: Thread finished: Course Read Heavy Load 1-232
2026-05-29 17:16:15,065 INFO o.a.j.t.JMeterThread: Thread started: Course Read Heavy Load 1-235
2026-05-29 17:16:15,102 INFO o.a.j.t.JMeterThread: Thread is done: Course Read Heavy Load 1-233
2026-05-29 17:16:15,102 INFO o.a.j.t.JMeterThread: Thread finished: Course Read Heavy Load 1-233
2026-05-29 17:16:15,164 INFO o.a.j.t.JMeterThread: Thread started: Course Read Heavy Load 1-236
2026-05-29 17:16:15,213 INFO o.a.j.t.JMeterThread: Thread is done: Course Read Heavy Load 1-234
2026-05-29 17:16:15,213 INFO o.a.j.t.JMeterThread: Thread finished: Course Read Heavy Load 1-234
2026-05-29 17:16:15,265 INFO o.a.j.t.JMeterThread: Thread started: Course Read Heavy Load 1-237
2026-05-29 17:16:15,276 INFO o.a.j.t.JMeterThread: Thread is done: Course Read Heavy Load 1-235
2026-05-29 17:16:15,276 INFO o.a.j.t.JMeterThread: Thread finished: Course Read Heavy Load 1-235
2026-05-29 17:16:15,364 INFO o.a.j.t.JMeterThread: Thread started: Course Read Heavy Load 1-238
2026-05-29 17:16:15,370 INFO o.a.j.t.JMeterThread: Thread is done: Course Read Heavy Load 1-236
2026-05-29 17:16:15,370 INFO o.a.j.t.JMeterThread: Thread finished: Course Read Heavy Load 1-236
2026-05-29 17:16:15,465 INFO o.a.j.t.JMeterThread: Thread started: Course Read Heavy Load 1-239
2026-05-29 17:16:15,470 INFO o.a.j.t.JMeterThread: Thread is done: Course Read Heavy Load 1-237
2026-05-29 17:16:15,470 INFO o.a.j.t.JMeterThread: Thread finished: Course Read Heavy Load 1-237
2026-05-29 17:16:15,565 INFO o.a.j.t.JMeterThread: Thread started: Course Read Heavy Load 1-240
2026-05-29 17:16:15,577 INFO o.a.j.t.JMeterThread: Thread is done: Course Read Heavy Load 1-238
2026-05-29 17:16:15,577 INFO o.a.j.t.JMeterThread: Thread finished: Course Read Heavy Load 1-238
2026-05-29 17:16:15,669 INFO o.a.j.t.JMeterThread: Thread started: Course Read Heavy Load 1-241
2026-05-29 17:16:15,675 INFO o.a.j.t.JMeterThread: Thread is done: Course Read Heavy Load 1-239
2026-05-29 17:16:15,675 INFO o.a.j.t.JMeterThread: Thread finished: Course Read Heavy Load 1-239
2026-05-29 17:16:15,768 INFO o.a.j.t.JMeterThread: Thread started: Course Read Heavy Load 1-242
2026-05-29 17:16:15,775 INFO o.a.j.t.JMeterThread: Thread is done: Course Read Heavy Load 1-240
2026-05-29 17:16:15,775 INFO o.a.j.t.JMeterThread: Thread finished: Course Read Heavy Load 1-240
2026-05-29 17:16:15,865 INFO o.a.j.t.JMeterThread: Thread started: Course Read Heavy Load 1-243
2026-05-29 17:16:15,880 INFO o.a.j.t.JMeterThread: Thread is done: Course Read Heavy Load 1-241
2026-05-29 17:16:15,880 INFO o.a.j.t.JMeterThread: Thread finished: Course Read Heavy Load 1-241
2026-05-29 17:16:15,968 INFO o.a.j.t.JMeterThread: Thread started: Course Read Heavy Load 1-244
2026-05-29 17:16:15,975 INFO o.a.j.t.JMeterThread: Thread is done: Course Read Heavy Load 1-242
2026-05-29 17:16:15,975 INFO o.a.j.t.JMeterThread: Thread finished: Course Read Heavy Load 1-242
2026-05-29 17:16:16,063 INFO o.a.j.t.JMeterThread: Thread started: Course Read Heavy Load 1-245
2026-05-29 17:16:16,074 INFO o.a.j.t.JMeterThread: Thread is done: Course Read Heavy Load 1-243
2026-05-29 17:16:16,074 INFO o.a.j.t.JMeterThread: Thread finished: Course Read Heavy Load 1-243
2026-05-29 17:16:16,164 INFO o.a.j.t.JMeterThread: Thread started: Course Read Heavy Load 1-246
2026-05-29 17:16:16,179 INFO o.a.j.t.JMeterThread: Thread is done: Course Read Heavy Load 1-244
2026-05-29 17:16:16,179 INFO o.a.j.t.JMeterThread: Thread finished: Course Read Heavy Load 1-244
2026-05-29 17:16:16,268 INFO o.a.j.t.JMeterThread: Thread started: Course Read Heavy Load 1-247
2026-05-29 17:16:16,275 INFO o.a.j.t.JMeterThread: Thread is done: Course Read Heavy Load 1-245
2026-05-29 17:16:16,275 INFO o.a.j.t.JMeterThread: Thread finished: Course Read Heavy Load 1-245
2026-05-29 17:16:16,365 INFO o.a.j.t.JMeterThread: Thread started: Course Read Heavy Load 1-248
2026-05-29 17:16:16,375 INFO o.a.j.t.JMeterThread: Thread is done: Course Read Heavy Load 1-246
2026-05-29 17:16:16,375 INFO o.a.j.t.JMeterThread: Thread finished: Course Read Heavy Load 1-246
2026-05-29 17:16:16,467 INFO o.a.j.t.JMeterThread: Thread started: Course Read Heavy Load 1-249
2026-05-29 17:16:16,481 INFO o.a.j.t.JMeterThread: Thread is done: Course Read Heavy Load 1-247
2026-05-29 17:16:16,481 INFO o.a.j.t.JMeterThread: Thread finished: Course Read Heavy Load 1-247
2026-05-29 17:16:16,566 INFO o.a.j.t.JMeterThread: Thread started: Course Read Heavy Load 1-250
2026-05-29 17:16:16,575 INFO o.a.j.t.JMeterThread: Thread is done: Course Read Heavy Load 1-248
2026-05-29 17:16:16,575 INFO o.a.j.t.JMeterThread: Thread finished: Course Read Heavy Load 1-248
2026-05-29 17:16:16,665 INFO o.a.j.t.JMeterThread: Thread started: Course Read Heavy Load 1-251
2026-05-29 17:16:16,678 INFO o.a.j.t.JMeterThread: Thread is done: Course Read Heavy Load 1-249
2026-05-29 17:16:16,678 INFO o.a.j.t.JMeterThread: Thread finished: Course Read Heavy Load 1-249
2026-05-29 17:16:16,768 INFO o.a.j.t.JMeterThread: Thread started: Course Read Heavy Load 1-252
2026-05-29 17:16:16,777 INFO o.a.j.t.JMeterThread: Thread is done: Course Read Heavy Load 1-250
2026-05-29 17:16:16,778 INFO o.a.j.t.JMeterThread: Thread finished: Course Read Heavy Load 1-250
2026-05-29 17:16:16,867 INFO o.a.j.t.JMeterThread: Thread started: Course Read Heavy Load 1-253
2026-05-29 17:16:16,875 INFO o.a.j.t.JMeterThread: Thread is done: Course Read Heavy Load 1-251
2026-05-29 17:16:16,875 INFO o.a.j.t.JMeterThread: Thread finished: Course Read Heavy Load 1-251
2026-05-29 17:16:16,965 INFO o.a.j.t.JMeterThread: Thread started: Course Read Heavy Load 1-254
2026-05-29 17:16:16,979 INFO o.a.j.t.JMeterThread: Thread is done: Course Read Heavy Load 1-252
2026-05-29 17:16:16,979 INFO o.a.j.t.JMeterThread: Thread finished: Course Read Heavy Load 1-252
2026-05-29 17:16:17,068 INFO o.a.j.t.JMeterThread: Thread started: Course Read Heavy Load 1-255
2026-05-29 17:16:17,075 INFO o.a.j.t.JMeterThread: Thread is done: Course Read Heavy Load 1-253
2026-05-29 17:16:17,075 INFO o.a.j.t.JMeterThread: Thread finished: Course Read Heavy Load 1-253
2026-05-29 17:16:17,167 INFO o.a.j.t.JMeterThread: Thread started: Course Read Heavy Load 1-256
2026-05-29 17:16:17,176 INFO o.a.j.t.JMeterThread: Thread is done: Course Read Heavy Load 1-254
2026-05-29 17:16:17,176 INFO o.a.j.t.JMeterThread: Thread finished: Course Read Heavy Load 1-254
2026-05-29 17:16:17,268 INFO o.a.j.t.JMeterThread: Thread started: Course Read Heavy Load 1-257
2026-05-29 17:16:17,279 INFO o.a.j.t.JMeterThread: Thread is done: Course Read Heavy Load 1-255
2026-05-29 17:16:17,279 INFO o.a.j.t.JMeterThread: Thread finished: Course Read Heavy Load 1-255
2026-05-29 17:16:17,365 INFO o.a.j.t.JMeterThread: Thread started: Course Read Heavy Load 1-258
2026-05-29 17:16:17,376 INFO o.a.j.t.JMeterThread: Thread is done: Course Read Heavy Load 1-256
2026-05-29 17:16:17,376 INFO o.a.j.t.JMeterThread: Thread finished: Course Read Heavy Load 1-256
2026-05-29 17:16:17,468 INFO o.a.j.t.JMeterThread: Thread started: Course Read Heavy Load 1-259
2026-05-29 17:16:17,477 INFO o.a.j.t.JMeterThread: Thread is done: Course Read Heavy Load 1-257
2026-05-29 17:16:17,477 INFO o.a.j.t.JMeterThread: Thread finished: Course Read Heavy Load 1-257
2026-05-29 17:16:17,565 INFO o.a.j.t.JMeterThread: Thread started: Course Read Heavy Load 1-260
2026-05-29 17:16:17,577 INFO o.a.j.t.JMeterThread: Thread is done: Course Read Heavy Load 1-258
2026-05-29 17:16:17,577 INFO o.a.j.t.JMeterThread: Thread finished: Course Read Heavy Load 1-258
2026-05-29 17:16:17,666 INFO o.a.j.t.JMeterThread: Thread started: Course Read Heavy Load 1-261
2026-05-29 17:16:17,677 INFO o.a.j.t.JMeterThread: Thread is done: Course Read Heavy Load 1-259
2026-05-29 17:16:17,677 INFO o.a.j.t.JMeterThread: Thread finished: Course Read Heavy Load 1-259
2026-05-29 17:16:17,769 INFO o.a.j.t.JMeterThread: Thread started: Course Read Heavy Load 1-262
2026-05-29 17:16:17,773 INFO o.a.j.t.JMeterThread: Thread is done: Course Read Heavy Load 1-260
2026-05-29 17:16:17,773 INFO o.a.j.t.JMeterThread: Thread finished: Course Read Heavy Load 1-260
2026-05-29 17:16:17,864 INFO o.a.j.t.JMeterThread: Thread started: Course Read Heavy Load 1-263
2026-05-29 17:16:17,873 INFO o.a.j.t.JMeterThread: Thread is done: Course Read Heavy Load 1-261
2026-05-29 17:16:17,874 INFO o.a.j.t.JMeterThread: Thread finished: Course Read Heavy Load 1-261
2026-05-29 17:16:17,965 INFO o.a.j.t.JMeterThread: Thread started: Course Read Heavy Load 1-264
2026-05-29 17:16:17,977 INFO o.a.j.t.JMeterThread: Thread is done: Course Read Heavy Load 1-262
2026-05-29 17:16:17,978 INFO o.a.j.t.JMeterThread: Thread finished: Course Read Heavy Load 1-262
2026-05-29 17:16:18,068 INFO o.a.j.t.JMeterThread: Thread started: Course Read Heavy Load 1-265
2026-05-29 17:16:18,073 INFO o.a.j.t.JMeterThread: Thread is done: Course Read Heavy Load 1-263
2026-05-29 17:16:18,073 INFO o.a.j.t.JMeterThread: Thread finished: Course Read Heavy Load 1-263
2026-05-29 17:16:18,163 INFO o.a.j.t.JMeterThread: Thread started: Course Read Heavy Load 1-266
2026-05-29 17:16:18,173 INFO o.a.j.t.JMeterThread: Thread is done: Course Read Heavy Load 1-264
2026-05-29 17:16:18,173 INFO o.a.j.t.JMeterThread: Thread finished: Course Read Heavy Load 1-264
2026-05-29 17:16:18,265 INFO o.a.j.t.JMeterThread: Thread started: Course Read Heavy Load 1-267
2026-05-29 17:16:18,277 INFO o.a.j.t.JMeterThread: Thread is done: Course Read Heavy Load 1-265
2026-05-29 17:16:18,277 INFO o.a.j.t.JMeterThread: Thread finished: Course Read Heavy Load 1-265
2026-05-29 17:16:18,368 INFO o.a.j.t.JMeterThread: Thread started: Course Read Heavy Load 1-268
2026-05-29 17:16:18,372 INFO o.a.j.t.JMeterThread: Thread is done: Course Read Heavy Load 1-266
2026-05-29 17:16:18,372 INFO o.a.j.t.JMeterThread: Thread finished: Course Read Heavy Load 1-266
2026-05-29 17:16:18,464 INFO o.a.j.t.JMeterThread: Thread started: Course Read Heavy Load 1-269
2026-05-29 17:16:18,474 INFO o.a.j.t.JMeterThread: Thread is done: Course Read Heavy Load 1-267
2026-05-29 17:16:18,474 INFO o.a.j.t.JMeterThread: Thread finished: Course Read Heavy Load 1-267
2026-05-29 17:16:18,567 INFO o.a.j.t.JMeterThread: Thread started: Course Read Heavy Load 1-270
2026-05-29 17:16:18,577 INFO o.a.j.t.JMeterThread: Thread is done: Course Read Heavy Load 1-268
2026-05-29 17:16:18,577 INFO o.a.j.t.JMeterThread: Thread finished: Course Read Heavy Load 1-268
2026-05-29 17:16:18,666 INFO o.a.j.t.JMeterThread: Thread started: Course Read Heavy Load 1-271
2026-05-29 17:16:18,677 INFO o.a.j.t.JMeterThread: Thread is done: Course Read Heavy Load 1-269
2026-05-29 17:16:18,678 INFO o.a.j.t.JMeterThread: Thread finished: Course Read Heavy Load 1-269
2026-05-29 17:16:18,765 INFO o.a.j.t.JMeterThread: Thread started: Course Read Heavy Load 1-272
2026-05-29 17:16:18,781 INFO o.a.j.t.JMeterThread: Thread is done: Course Read Heavy Load 1-270
2026-05-29 17:16:18,781 INFO o.a.j.t.JMeterThread: Thread finished: Course Read Heavy Load 1-270
2026-05-29 17:16:18,868 INFO o.a.j.t.JMeterThread: Thread started: Course Read Heavy Load 1-273
2026-05-29 17:16:18,875 INFO o.a.j.t.JMeterThread: Thread is done: Course Read Heavy Load 1-271
2026-05-29 17:16:18,875 INFO o.a.j.t.JMeterThread: Thread finished: Course Read Heavy Load 1-271
2026-05-29 17:16:18,968 INFO o.a.j.t.JMeterThread: Thread started: Course Read Heavy Load 1-274
2026-05-29 17:16:18,974 INFO o.a.j.t.JMeterThread: Thread is done: Course Read Heavy Load 1-272
2026-05-29 17:16:18,974 INFO o.a.j.t.JMeterThread: Thread finished: Course Read Heavy Load 1-272
2026-05-29 17:16:19,068 INFO o.a.j.t.JMeterThread: Thread started: Course Read Heavy Load 1-275
2026-05-29 17:16:19,077 INFO o.a.j.t.JMeterThread: Thread is done: Course Read Heavy Load 1-273
2026-05-29 17:16:19,078 INFO o.a.j.t.JMeterThread: Thread finished: Course Read Heavy Load 1-273
2026-05-29 17:16:19,168 INFO o.a.j.t.JMeterThread: Thread started: Course Read Heavy Load 1-276
2026-05-29 17:16:19,179 INFO o.a.j.t.JMeterThread: Thread is done: Course Read Heavy Load 1-274
2026-05-29 17:16:19,179 INFO o.a.j.t.JMeterThread: Thread finished: Course Read Heavy Load 1-274
2026-05-29 17:16:19,268 INFO o.a.j.t.JMeterThread: Thread started: Course Read Heavy Load 1-277
2026-05-29 17:16:19,278 INFO o.a.j.t.JMeterThread: Thread is done: Course Read Heavy Load 1-275
2026-05-29 17:16:19,278 INFO o.a.j.t.JMeterThread: Thread finished: Course Read Heavy Load 1-275
2026-05-29 17:16:19,365 INFO o.a.j.t.JMeterThread: Thread started: Course Read Heavy Load 1-278
2026-05-29 17:16:19,377 INFO o.a.j.t.JMeterThread: Thread is done: Course Read Heavy Load 1-276
2026-05-29 17:16:19,377 INFO o.a.j.t.JMeterThread: Thread finished: Course Read Heavy Load 1-276
2026-05-29 17:16:19,464 INFO o.a.j.t.JMeterThread: Thread started: Course Read Heavy Load 1-279
2026-05-29 17:16:19,476 INFO o.a.j.t.JMeterThread: Thread is done: Course Read Heavy Load 1-277
2026-05-29 17:16:19,476 INFO o.a.j.t.JMeterThread: Thread finished: Course Read Heavy Load 1-277
2026-05-29 17:16:19,566 INFO o.a.j.t.JMeterThread: Thread started: Course Read Heavy Load 1-280
2026-05-29 17:16:19,574 INFO o.a.j.t.JMeterThread: Thread is done: Course Read Heavy Load 1-278
2026-05-29 17:16:19,574 INFO o.a.j.t.JMeterThread: Thread finished: Course Read Heavy Load 1-278
2026-05-29 17:16:19,668 INFO o.a.j.t.JMeterThread: Thread started: Course Read Heavy Load 1-281
2026-05-29 17:16:19,671 INFO o.a.j.t.JMeterThread: Thread is done: Course Read Heavy Load 1-279
2026-05-29 17:16:19,671 INFO o.a.j.t.JMeterThread: Thread finished: Course Read Heavy Load 1-279
2026-05-29 17:16:19,764 INFO o.a.j.t.JMeterThread: Thread started: Course Read Heavy Load 1-282
2026-05-29 17:16:19,772 INFO o.a.j.t.JMeterThread: Thread is done: Course Read Heavy Load 1-280
2026-05-29 17:16:19,772 INFO o.a.j.t.JMeterThread: Thread finished: Course Read Heavy Load 1-280
2026-05-29 17:16:19,865 INFO o.a.j.t.JMeterThread: Thread started: Course Read Heavy Load 1-283
2026-05-29 17:16:19,874 INFO o.a.j.t.JMeterThread: Thread is done: Course Read Heavy Load 1-281
2026-05-29 17:16:19,874 INFO o.a.j.t.JMeterThread: Thread finished: Course Read Heavy Load 1-281
2026-05-29 17:16:19,966 INFO o.a.j.t.JMeterThread: Thread started: Course Read Heavy Load 1-284
2026-05-29 17:16:19,977 INFO o.a.j.t.JMeterThread: Thread is done: Course Read Heavy Load 1-282
2026-05-29 17:16:19,977 INFO o.a.j.t.JMeterThread: Thread finished: Course Read Heavy Load 1-282
2026-05-29 17:16:20,065 INFO o.a.j.t.JMeterThread: Thread started: Course Read Heavy Load 1-285
2026-05-29 17:16:20,083 INFO o.a.j.t.JMeterThread: Thread is done: Course Read Heavy Load 1-283
2026-05-29 17:16:20,083 INFO o.a.j.t.JMeterThread: Thread finished: Course Read Heavy Load 1-283
2026-05-29 17:16:20,167 INFO o.a.j.t.JMeterThread: Thread started: Course Read Heavy Load 1-286
2026-05-29 17:16:20,176 INFO o.a.j.t.JMeterThread: Thread is done: Course Read Heavy Load 1-284
2026-05-29 17:16:20,176 INFO o.a.j.t.JMeterThread: Thread finished: Course Read Heavy Load 1-284
2026-05-29 17:16:20,267 INFO o.a.j.t.JMeterThread: Thread started: Course Read Heavy Load 1-287
2026-05-29 17:16:20,275 INFO o.a.j.t.JMeterThread: Thread is done: Course Read Heavy Load 1-285
2026-05-29 17:16:20,275 INFO o.a.j.t.JMeterThread: Thread finished: Course Read Heavy Load 1-285
2026-05-29 17:16:20,365 INFO o.a.j.t.JMeterThread: Thread started: Course Read Heavy Load 1-288
2026-05-29 17:16:20,374 INFO o.a.j.t.JMeterThread: Thread is done: Course Read Heavy Load 1-286
2026-05-29 17:16:20,374 INFO o.a.j.t.JMeterThread: Thread finished: Course Read Heavy Load 1-286
2026-05-29 17:16:20,465 INFO o.a.j.t.JMeterThread: Thread started: Course Read Heavy Load 1-289
2026-05-29 17:16:20,478 INFO o.a.j.t.JMeterThread: Thread is done: Course Read Heavy Load 1-287
2026-05-29 17:16:20,478 INFO o.a.j.t.JMeterThread: Thread finished: Course Read Heavy Load 1-287
2026-05-29 17:16:20,568 INFO o.a.j.t.JMeterThread: Thread started: Course Read Heavy Load 1-290
2026-05-29 17:16:20,575 INFO o.a.j.t.JMeterThread: Thread is done: Course Read Heavy Load 1-288
2026-05-29 17:16:20,575 INFO o.a.j.t.JMeterThread: Thread finished: Course Read Heavy Load 1-288
2026-05-29 17:16:20,665 INFO o.a.j.t.JMeterThread: Thread started: Course Read Heavy Load 1-291
2026-05-29 17:16:20,673 INFO o.a.j.t.JMeterThread: Thread is done: Course Read Heavy Load 1-289
2026-05-29 17:16:20,673 INFO o.a.j.t.JMeterThread: Thread finished: Course Read Heavy Load 1-289
2026-05-29 17:16:20,768 INFO o.a.j.t.JMeterThread: Thread started: Course Read Heavy Load 1-292
2026-05-29 17:16:20,777 INFO o.a.j.t.JMeterThread: Thread is done: Course Read Heavy Load 1-290
2026-05-29 17:16:20,777 INFO o.a.j.t.JMeterThread: Thread finished: Course Read Heavy Load 1-290
2026-05-29 17:16:20,865 INFO o.a.j.t.JMeterThread: Thread started: Course Read Heavy Load 1-293
2026-05-29 17:16:20,870 INFO o.a.j.t.JMeterThread: Thread is done: Course Read Heavy Load 1-291
2026-05-29 17:16:20,870 INFO o.a.j.t.JMeterThread: Thread finished: Course Read Heavy Load 1-291
2026-05-29 17:16:20,966 INFO o.a.j.t.JMeterThread: Thread started: Course Read Heavy Load 1-294
2026-05-29 17:16:20,976 INFO o.a.j.t.JMeterThread: Thread is done: Course Read Heavy Load 1-292
2026-05-29 17:16:20,976 INFO o.a.j.t.JMeterThread: Thread finished: Course Read Heavy Load 1-292
2026-05-29 17:16:21,068 INFO o.a.j.t.JMeterThread: Thread started: Course Read Heavy Load 1-295
2026-05-29 17:16:21,073 INFO o.a.j.t.JMeterThread: Thread is done: Course Read Heavy Load 1-293
2026-05-29 17:16:21,073 INFO o.a.j.t.JMeterThread: Thread finished: Course Read Heavy Load 1-293
2026-05-29 17:16:21,167 INFO o.a.j.t.JMeterThread: Thread started: Course Read Heavy Load 1-296
2026-05-29 17:16:21,173 INFO o.a.j.t.JMeterThread: Thread is done: Course Read Heavy Load 1-294
2026-05-29 17:16:21,173 INFO o.a.j.t.JMeterThread: Thread finished: Course Read Heavy Load 1-294
2026-05-29 17:16:21,265 INFO o.a.j.t.JMeterThread: Thread started: Course Read Heavy Load 1-297
2026-05-29 17:16:21,275 INFO o.a.j.t.JMeterThread: Thread is done: Course Read Heavy Load 1-295
2026-05-29 17:16:21,275 INFO o.a.j.t.JMeterThread: Thread finished: Course Read Heavy Load 1-295
2026-05-29 17:16:21,365 INFO o.a.j.t.JMeterThread: Thread started: Course Read Heavy Load 1-298
2026-05-29 17:16:21,379 INFO o.a.j.t.JMeterThread: Thread is done: Course Read Heavy Load 1-296
2026-05-29 17:16:21,379 INFO o.a.j.t.JMeterThread: Thread finished: Course Read Heavy Load 1-296
2026-05-29 17:16:21,468 INFO o.a.j.t.JMeterThread: Thread started: Course Read Heavy Load 1-299
2026-05-29 17:16:21,480 INFO o.a.j.t.JMeterThread: Thread is done: Course Read Heavy Load 1-297
2026-05-29 17:16:21,480 INFO o.a.j.t.JMeterThread: Thread finished: Course Read Heavy Load 1-297
2026-05-29 17:16:21,569 INFO o.a.j.t.JMeterThread: Thread started: Course Read Heavy Load 1-300
2026-05-29 17:16:21,575 INFO o.a.j.t.JMeterThread: Thread is done: Course Read Heavy Load 1-298
2026-05-29 17:16:21,575 INFO o.a.j.t.JMeterThread: Thread finished: Course Read Heavy Load 1-298
2026-05-29 17:16:21,678 INFO o.a.j.t.JMeterThread: Thread is done: Course Read Heavy Load 1-299
2026-05-29 17:16:21,678 INFO o.a.j.t.JMeterThread: Thread finished: Course Read Heavy Load 1-299
2026-05-29 17:16:21,776 INFO o.a.j.t.JMeterThread: Thread is done: Course Read Heavy Load 1-300
2026-05-29 17:16:21,776 INFO o.a.j.t.JMeterThread: Thread finished: Course Read Heavy Load 1-300
2026-05-29 17:16:21,777 INFO o.a.j.e.StandardJMeterEngine: Notifying test listeners of end of test
2026-05-29 17:16:21,777 INFO o.a.j.r.Summariser: summary +   4345 in 00:00:22 =  199.5/s Avg:    10 Min:     9 Max:    40 Err:     0 (0.00%) Active: 0 Started: 300 Finished: 300
2026-05-29 17:16:21,777 INFO o.a.j.r.Summariser: summary =   6000 in 00:00:30 =  199.2/s Avg:    10 Min:     9 Max:   258 Err:     0 (0.00%)
2026-05-29 17:16:21,777 INFO o.a.j.JMeter: Generating Dashboard
2026-05-29 17:16:21,777 INFO o.a.j.r.d.ReportGenerator: Flushing result collector before report Generation
2026-05-29 17:16:21,785 INFO o.a.j.r.p.NormalizerSampleConsumer: Using format, 'ms', to parse timeStamp field
2026-05-29 17:16:21,887 INFO o.a.j.r.p.AbstractSampleConsumer: class org.apache.jmeter.report.processor.AggregateConsumer#stopProducing(): beginDate produced 0 samples
2026-05-29 17:16:21,887 INFO o.a.j.r.p.AbstractSampleConsumer: class org.apache.jmeter.report.processor.AggregateConsumer#stopProducing(): endDate produced 0 samples
2026-05-29 17:16:21,888 INFO o.a.j.r.p.AbstractSampleConsumer: class org.apache.jmeter.report.processor.ApdexSummaryConsumer#stopProducing(): apdexSummary produced 0 samples
2026-05-29 17:16:21,888 INFO o.a.j.r.p.AbstractSampleConsumer: class org.apache.jmeter.report.processor.RequestsSummaryConsumer#stopProducing(): requestsSummary produced 0 samples
2026-05-29 17:16:21,892 INFO o.a.j.r.p.AbstractSampleConsumer: class org.apache.jmeter.report.processor.StatisticsSummaryConsumer#stopProducing(): statisticsSummary produced 0 samples
2026-05-29 17:16:21,893 INFO o.a.j.r.p.AbstractSampleConsumer: class org.apache.jmeter.report.processor.Top5ErrorsBySamplerConsumer#stopProducing(): top5ErrorsBySampler produced 0 samples
2026-05-29 17:16:21,893 INFO o.a.j.r.p.AbstractSampleConsumer: class org.apache.jmeter.report.processor.ErrorsSummaryConsumer#stopProducing(): errorsSummary produced 0 samples
2026-05-29 17:16:21,893 INFO o.a.j.r.p.AbstractSampleConsumer: class org.apache.jmeter.report.processor.graph.impl.HitsPerSecondGraphConsumer#stopProducing(): hitsPerSecond produced 0 samples
2026-05-29 17:16:21,935 INFO o.a.j.r.p.AbstractSampleConsumer: class org.apache.jmeter.report.processor.graph.impl.LatencyVSRequestGraphConsumer#stopProducing(): latencyVsRequest produced 0 samples
2026-05-29 17:16:21,936 INFO o.a.j.r.p.AbstractSampleConsumer: class org.apache.jmeter.report.processor.graph.impl.SyntheticResponseTimeDistributionGraphConsumer#stopProducing(): syntheticResponseTimeDistribution produced 0 samples
2026-05-29 17:16:21,936 INFO o.a.j.r.p.AbstractSampleConsumer: class org.apache.jmeter.report.processor.graph.impl.BytesThroughputGraphConsumer#stopProducing(): bytesThroughputOverTime produced 0 samples
2026-05-29 17:16:21,936 INFO o.a.j.r.p.AbstractSampleConsumer: class org.apache.jmeter.report.processor.graph.impl.CodesPerSecondGraphConsumer#stopProducing(): codesPerSecond produced 0 samples
2026-05-29 17:16:21,965 INFO o.a.j.r.p.AbstractSampleConsumer: class org.apache.jmeter.report.processor.graph.impl.ResponseTimeVSRequestGraphConsumer#stopProducing(): responseTimeVsRequest produced 0 samples
2026-05-29 17:16:21,965 INFO o.a.j.r.p.AbstractSampleConsumer: class org.apache.jmeter.report.processor.FilterConsumer#stopProducing(): startIntervalControlerFilter produced 42000 samples
2026-05-29 17:16:21,965 INFO o.a.j.r.p.AbstractSampleConsumer: class org.apache.jmeter.report.processor.graph.impl.TotalTPSGraphConsumer#stopProducing(): totalTPS produced 0 samples
2026-05-29 17:16:21,965 INFO o.a.j.r.p.AbstractSampleConsumer: class org.apache.jmeter.report.processor.graph.impl.ActiveThreadsGraphConsumer#stopProducing(): activeThreadsOverTime produced 0 samples
2026-05-29 17:16:21,965 INFO o.a.j.r.p.AbstractSampleConsumer: class org.apache.jmeter.report.processor.graph.impl.TimeVSThreadGraphConsumer#stopProducing(): timeVsThreads produced 0 samples
2026-05-29 17:16:21,965 INFO o.a.j.r.p.AbstractSampleConsumer: class org.apache.jmeter.report.processor.graph.impl.ResponseTimeDistributionGraphConsumer#stopProducing(): responseTimeDistribution produced 0 samples
2026-05-29 17:16:21,966 INFO o.a.j.r.p.AbstractSampleConsumer: class org.apache.jmeter.report.processor.graph.impl.TransactionsPerSecondGraphConsumer#stopProducing(): transactionsPerSecond produced 0 samples
2026-05-29 17:16:21,966 INFO o.a.j.r.p.AbstractSampleConsumer: class org.apache.jmeter.report.processor.graph.impl.ResponseTimePercentilesGraphConsumer#stopProducing(): responseTimePercentiles produced 0 samples
2026-05-29 17:16:21,966 INFO o.a.j.r.p.AbstractSampleConsumer: class org.apache.jmeter.report.processor.graph.impl.ResponseTimePercentilesOverTimeGraphConsumer#stopProducing(): responseTimePercentilesOverTime produced 0 samples
2026-05-29 17:16:21,967 INFO o.a.j.r.p.AbstractSampleConsumer: class org.apache.jmeter.report.processor.graph.impl.ResponseTimeOverTimeGraphConsumer#stopProducing(): responseTimesOverTime produced 0 samples
2026-05-29 17:16:21,967 INFO o.a.j.r.p.AbstractSampleConsumer: class org.apache.jmeter.report.processor.graph.impl.ConnectTimeOverTimeGraphConsumer#stopProducing(): connectTimeOverTime produced 0 samples
2026-05-29 17:16:21,967 INFO o.a.j.r.p.AbstractSampleConsumer: class org.apache.jmeter.report.processor.graph.impl.LatencyOverTimeGraphConsumer#stopProducing(): latenciesOverTime produced 0 samples
2026-05-29 17:16:21,967 INFO o.a.j.r.p.AbstractSampleConsumer: class org.apache.jmeter.report.processor.FilterConsumer#stopProducing(): nameFilter produced 90000 samples
2026-05-29 17:16:21,967 INFO o.a.j.r.p.AbstractSampleConsumer: class org.apache.jmeter.report.processor.FilterConsumer#stopProducing(): dateRangeFilter produced 18000 samples
2026-05-29 17:16:21,967 INFO o.a.j.r.p.AbstractSampleConsumer: class org.apache.jmeter.report.processor.NormalizerSampleConsumer#stopProducing(): normalizer produced 6000 samples
2026-05-29 17:16:21,967 INFO o.a.j.r.p.CsvFileSampleSource: produce(): 6000 samples produced in 174ms on channel 0
2026-05-29 17:16:21,967 INFO o.a.j.r.d.ReportGenerator: Exporting data using exporter:'json' of className:'org.apache.jmeter.report.dashboard.JsonExporter'
2026-05-29 17:16:21,996 INFO o.a.j.r.d.JsonExporter: Found data for consumer statisticsSummary in context
2026-05-29 17:16:21,996 INFO o.a.j.r.d.JsonExporter: Creating statistics for overall
2026-05-29 17:16:21,996 INFO o.a.j.r.d.JsonExporter: Creating statistics for other transactions
2026-05-29 17:16:21,996 INFO o.a.j.r.d.JsonExporter: Checking output folder
2026-05-29 17:16:21,997 INFO o.a.j.r.d.JsonExporter: Writing statistics JSON to /Users/koohyunmo/Developer/course-registration/performance/results/evidence-20260529-171333/redis-report/statistics.json
2026-05-29 17:16:22,015 INFO o.a.j.r.d.ReportGenerator: Exporting data using exporter:'html' of className:'org.apache.jmeter.report.dashboard.HtmlTemplateExporter'
2026-05-29 17:16:22,016 INFO o.a.j.r.d.HtmlTemplateExporter: Will generate dashboard in folder: /Users/koohyunmo/Developer/course-registration/performance/results/evidence-20260529-171333/redis-report
2026-05-29 17:16:22,053 INFO o.a.j.r.d.HtmlTemplateExporter: Report will be generated in: /Users/koohyunmo/Developer/course-registration/performance/results/evidence-20260529-171333/redis-report, creating folder structure
2026-05-29 17:16:22,054 INFO o.a.j.r.d.TemplateVisitor: Copying folder from '/opt/homebrew/Cellar/jmeter/5.6.3/libexec/bin/report-template' to '/Users/koohyunmo/Developer/course-registration/performance/results/evidence-20260529-171333/redis-report', got message: /Users/koohyunmo/Developer/course-registration/performance/results/evidence-20260529-171333/redis-report, found non empty folder with following content [/Users/koohyunmo/Developer/course-registration/performance/results/evidence-20260529-171333/redis-report/statistics.json], will be ignored
2026-05-29 17:16:22,167 INFO o.a.j.JMeter: Dashboard generated
